Grau;Área;Emitir;Código;Descrição
PK-K;Dança;Gerar e conceber ideias e obras artísticas.;PK-KDCr.01;Utilize uma variedade de acessórios ao explorar o movimento.
PK-K;Dança;Organizar e desenvolver ideias e obras artísticas.;PK-KDCr.02;Utilize uma variedade de acessórios ao explorar o movimento.
PK-K;Dança;Aprimore e finalize a obra de arte.;PK.KDCr.03;a. Identificar e distinguir entre partes do corpo em movimentos (ex.: pés e dedos dos pés).
PK-K;Dança;Selecionar, analisar e interpretar obras artísticas para apresentação.;PK-KDP04; b. Concentrar-se e levar um processo ou ideia à sua conclusão durante as atividades de dança.
PK-K;Dança;Desenvolver e aprimorar técnicas artísticas e trabalhar na apresentação.;PK-KDP05;Com orientação e apoio, escolha suas ideias de movimento favoritas, pratique-as e demonstre-as. (PK-KD3)
PK-K;Dança; Transmitir significado através da apresentação de obras artísticas.;PK-KDP06;Movimentos contrastantes em diferentes níveis (incluindo alto, médio e baixo) e trajetórias (incluindo curvas, linhas retas, círculos, ziguezagues, ondas e espirais).
PK-K;Dança; Perceber e analisar a obra de arte;PK-KDR07;Mantenha o espaço pessoal e o espaço geral de forma segura e respeitosa (por exemplo, pare, inicie e controle seu próprio corpo).
PK-K;Dança; Interpretar a intenção e o significado na obra de arte.;PK-KDR08; Apresentar pequenas peças de dança de forma expressiva.
PK-K;Dança; Aplicar critérios para avaliar obras de arte;PK-KDR09; Atender às expectativas de um membro da plateia (por exemplo, ouvir em silêncio, aplaudir no final).
PK-K;Dança; Sintetizar e relacionar conhecimentos e experiências pessoais para criar arte.;PK.KDCo.10;" Expresse suas respostas pessoais à dança (por exemplo, ""Essa peça me fez sentir algo?"", ""Essa peça me fez pensar?"")."
PK-K;Dança;Relacionar ideias e obras artísticas a contextos sociais, culturais e históricos para aprofundar a compreensão.;PK.KDCo.11;" Compartilhe observações sobre uma apresentação de dança (por exemplo, ""Notei que todos tiveram sua vez"")."
PK-K; Artes midiáticas;Gerar e conceber ideias e obras artísticas.;PK-K.MA.Cr.01; Identifique exemplos de dança em seu dia a dia.
PK-K; Artes midiáticas;Organizar e desenvolver ideias e obras artísticas.;PK-K.MA.Cr.02;Responder com movimentos a estímulos musicais associados a vários estilos de dança (por exemplo, sapateado, hip-hop, balé, dança country).
PK-K; Artes midiáticas;Aprimore e finalize a obra de arte.;PK-K.MA.Cr.03; Explore imagens em movimento ou arte interativa usando uma variedade de mídias e ferramentas.
PK-K; Artes midiáticas;Selecionar, analisar e interpretar obras artísticas para apresentação.;PK-K.MA.P.04; Concentre-se em um processo ou ideia e leve-o à conclusão através da experimentação com uma variedade de mídias e ferramentas.
PK-K; Artes midiáticas;Desenvolver e aprimorar técnicas artísticas e trabalhar na apresentação.;PK-K.MA.P.05; Com orientação e apoio, gere múltiplas ideias para uma imagem em movimento ou uma peça interativa.
PK-K; Artes midiáticas;Transmitir significado através da apresentação de obras artísticas.;PK-K.MA.P.06; Descreva o processo e as escolhas feitas ao gerar componentes para uma imagem em movimento ou peça interativa.
PK-K; Artes midiáticas;Perceber e analisar a obra de arte;PK-K.MA.R.07; Selecione um produto de jogos e experimentação multimídia para compartilhar.
PK-K; Artes midiáticas;Interpretar a intenção e o significado na obra de arte.;PK-K.MA.R.08; Apresente as razões para a escolha de um produto de mídia para a apresentação.
PK-K; Artes midiáticas;Aplicar critérios para avaliar obras de arte;PK-K.MA.R.09;Com orientação e apoio, identifique semelhanças entre várias obras de arte multimídia diferentes.
PK-K; Artes midiáticas;Sintetizar e relacionar conhecimentos e experiências pessoais para criar arte.;PK-K.MA.Co.10; Compartilhe observações sobre uma variedade de obras de arte em diferentes mídias.
PK-K; Artes midiáticas;Relacionar ideias e obras artísticas a contextos sociais, culturais e históricos para aprofundar a compreensão.;PK-K.MA.Co.11;" Expresse suas respostas pessoais a obras de arte multimídia (por exemplo, ""Esta obra me fez sentir algo?"", ""Esta obra me fez pensar?"")."
PK-K;Música;Gerar e conceber ideias e obras artísticas.;PK-KMCr.01;Identificar exemplos de obras de arte multimídia no cotidiano dos alunos.
PK-K;Música;Organizar e desenvolver ideias e obras artísticas.;PK-KMCr.02; Com ajuda, identifique diferentes tipos de obras de arte multimídia (por exemplo, animação, website, espaço digital).
PK-K;Música;Aprimore e finalize a obra de arte.;PK-KMCr.03; Com orientação e apoio, cante ou apresente ideias musicais curtas e originais.
PK-K;Música;Selecionar, analisar e interpretar obras artísticas para apresentação.;PK-KMP04;
PK-K;Música;Desenvolver e aprimorar técnicas artísticas e trabalhar na apresentação.;PK-KMP05;a. Concentre-se em um processo ou ideia e leve-o à conclusão durante a experimentação e o jogo com a música.
PK-K;Música;Transmitir significado através da apresentação de obras artísticas.;PK-KMP06;b. Nomeie e demonstre os tipos de produção vocal (incluindo fala, canto e sussurro).
PK-K;Música;Perceber e analisar a obra de arte;PK-KMR07;Com orientação e apoio, escolha suas ideias musicais favoritas, pratique-as e demonstre-as vocalmente ou com um instrumento.
PK-K;Música;Interpretar a intenção e o significado na obra de arte.;PK-KMR08; Contraste diferentes elementos musicais opostos (incluindo rápido-lento, agudo-grave, grave-forte) através do canto, da atuação ou do movimento.
PK-K;Música;Aplicar critérios para avaliar obras de arte;PK-KMR09; Demonstre competência rítmica utilizando um ritmo constante ao executar peças que incorporam padrões rítmicos simples (por exemplo, percussão corporal, instrumentos de sala de aula ou movimento).
PK-K;Música;Sintetizar e relacionar conhecimentos e experiências pessoais para criar arte.;PK-KMCo.10; Interpretar uma breve ideia musical original através do canto e da expressão vocal.
PK-K;Música;Relacionar ideias e obras artísticas a contextos sociais, culturais e históricos para aprofundar a compreensão.;PK-KMCo.11; Atender às expectativas de um membro da plateia (por exemplo, ouvir em silêncio, aplaudir no final).
PK-K;Teatro;Gerar e conceber ideias e obras artísticas.;PK-KTCr.01; Compartilhe observações sobre diversas obras musicais (por exemplo, música mundial, popular, folclórica, clássica, etc.).
PK-K;Teatro;Organizar e desenvolver ideias e obras artísticas.;PK-KTCr.02;" Expresse suas respostas pessoais à música (por exemplo, ""Essa peça me fez sentir algo?"", ""Essa peça me fez pensar?"")."
PK-K;Teatro;Aprimore e finalize a obra de arte.;PK-KTCr.03;Identifique exemplos de músicas que eles ouvem ou executam em seu dia a dia (por exemplo, em anúncios publicitários ou no rádio).
PK-K;Teatro;Selecionar, analisar e interpretar obras artísticas para apresentação.;PK-KTP04; Em seguida, explore diferentes gêneros e estilos musicais (por exemplo, música clássica, jazz, rock, country, hip-hop).
PK-K;Teatro;Desenvolver e aprimorar técnicas artísticas e trabalhar na apresentação.;PK-KTP05;Contribuir com ideias para histórias em uma obra dramática.
PK-K;Teatro;Transmitir significado através da apresentação de obras artísticas.;PK-KTP06; Utilize objetos do dia a dia para criar marionetes, adereços, cenários e figurinos para obras dramáticas.
PK-K;Teatro;Perceber e analisar a obra de arte;PK-KTR07; Repita as cenas improvisadas de maneiras diferentes (por exemplo, imagine que esse personagem estava feliz, repita a cena como se estivesse chovendo).
PK-K;Teatro;Interpretar a intenção e o significado na obra de arte.;PK-KTR08;Identificar sentimentos realistas que as personagens de uma peça poderiam ter.
PK-K;Teatro;Aplicar critérios para avaliar obras de arte;PK-KTR09; Demonstre comportamento adequado para uma apresentação teatral (por exemplo, espere para entrar, faça uma reverência ao final).
PK-K;Teatro;Sintetizar e relacionar conhecimentos e experiências pessoais para criar arte.;PK-KTCo.10;Retratar personagens simples em uma obra dramática.
PK-K;Teatro;Relacionar ideias e obras artísticas a contextos sociais, culturais e históricos para aprofundar a compreensão.;PK-KTCo.11;Atender às expectativas de um membro da plateia (por exemplo, ouvir em silêncio, aplaudir no final).
PK-K; Artes Visuais;Gerar e conceber ideias e obras artísticas.;PK-KVCr.01;"Compartilhe observações sobre uma peça de teatro (por exemplo, ""Notei que todos os personagens maus estavam vestidos de vermelho"")."
PK-K; Artes Visuais;Organizar e desenvolver ideias e obras artísticas.;PK-KVCr.02;"Expresse suas respostas pessoais à obra teatral (por exemplo, ""essa peça me fez sentir algo?"", ""essa peça me fez pensar?"")."
PK-K; Artes Visuais;Aprimore e finalize a obra de arte.;PK-KVCr.03; Com orientação e apoio, identifique semelhanças entre elementos de uma obra teatral e experiências pessoais.
PK-K; Artes Visuais;Selecionar, analisar e interpretar obras artísticas para apresentação.;PK-KVP04;Com apoio, identifique diferentes tipos de obras teatrais (por exemplo, fantoches, musicais, improvisação).
PK-K; Artes Visuais;Desenvolver e aprimorar técnicas artísticas e trabalhar na apresentação.;PK-KVP05; Experimente com uma grande variedade de materiais, tanto bidimensionais quanto tridimensionais, incluindo materiais reciclados/reutilizados, após observar imagens de diversos artistas que utilizam esses materiais.
PK-K; Artes Visuais;Transmitir significado através da apresentação de obras artísticas.;PK-KVP06;Concentre-se em um processo ou ideia e leve-o à conclusão, experimentando com uma ampla variedade de materiais artísticos.
PK-K; Artes Visuais;Perceber e analisar a obra de arte;PK-KVR07; Investigue mais de uma ideia artística utilizando o mesmo meio.
PK-K; Artes Visuais;Interpretar a intenção e o significado na obra de arte.;PK-KVR08;Crie uma imagem ou um objeto e descreva o que ele representa.
PK-K; Artes Visuais;Aplicar critérios para avaliar obras de arte;PK-KVR09; Selecione e compartilhe um produto criado por meio de experimentação com materiais.
PK-K; Artes Visuais;Sintetizar e relacionar conhecimentos e experiências pessoais para criar arte.;PK-KVCo.10;Apresente as razões pelas quais selecionou uma obra de arte para partilhar.
PK-K; Artes Visuais;Relacionar ideias e obras artísticas a contextos sociais, culturais e históricos para aprofundar a compreensão.;PK-KVCo.11; Com orientação e apoio, identifique semelhanças entre várias obras de arte.
 1-2;Dança;Gerar e conceber ideias e obras artísticas.;1-2.D.Cr.01;" Descreva o que você vê em uma obra de arte (por exemplo, ""Vejo um ponto; vejo amarelo no canto; vejo uma parte redonda""), interprete um possível significado e explique por que esse significado faz sentido."
 1-2;Dança;Organizar e desenvolver ideias e obras artísticas.;1-2.D.Cr.02; Selecione uma obra que evoque sentimentos e descreva a conexão entre a obra e a resposta emocional.
 1-2;Dança;Aprimore e finalize a obra de arte.;1-2.D.Cr.03;Identifique exemplos de arte no cotidiano e use-os como inspiração para sua obra de arte.
 1-2;Dança;Selecionar, analisar e interpretar obras artísticas para apresentação.;1-2.DP04;Com apoio, identifique diferentes tipos de obras de arte (por exemplo, pinturas, esculturas, performances, trabalhos em fibra) em sua comunidade e em outros lugares que você tenha visitado.
 1-2;Dança;Desenvolver e aprimorar técnicas artísticas e trabalhar na apresentação.;1-2.DP05;Gere ideias de dança que utilizem níveis (por exemplo, alto, baixo), trajetórias (por exemplo, retas, curvas), formas (por exemplo, simétricas e assimétricas) e direções (por exemplo, para trás, diagonal).
 1-2;Dança;Transmitir significado através da apresentação de obras artísticas.;1-2.DP06; Iniciar movimentos de locomoção ou não locomoção usando diferentes partes do corpo.
 1-2;Dança;Perceber e analisar a obra de arte;1-2.DR07; Demonstre precisão movendo-se ao ritmo da música e respondendo às mudanças de andamento.
 1-2;Dança;Interpretar a intenção e o significado na obra de arte.;1-2.DR08; Demonstre a diferença entre pantomima e gesto na dança.
 1-2;Dança;Aplicar critérios para avaliar obras de arte;1-2.DR09; Demonstrar habilidades de parceria em copiar, liderar e seguir.
 1-2;Dança;Sintetizar e relacionar conhecimentos e experiências pessoais para criar arte.;1-2.D.Co.10;Movimente-se de maneira que esteja em consonância com os sinais, as indicações e as interpretações artísticas.
 1-2;Dança;Relacionar ideias e obras artísticas a contextos sociais, culturais e históricos para aprofundar a compreensão.;1-2.D.Co.11; Com apoio, identifique os elementos básicos da dança (incluindo corpo, ação, espaço, tempo e energia).
 1-2; Artes midiáticas;Gerar e conceber ideias e obras artísticas.;1-2.MA.Cr.01; Desloque-se e categorize as obras de dança de acordo com seu humor.
 1-2; Artes midiáticas;Organizar e desenvolver ideias e obras artísticas.;1-2.MA.Cr.02; Demonstre observação ativa como membro da plateia (por exemplo, percebendo detalhes, fazendo conexões).
 1-2; Artes midiáticas;Aprimore e finalize a obra de arte.;1-2.MA.Cr.03;Estabelecer conexões entre a experiência pessoal e uma obra de dança.
 1-2; Artes midiáticas;Selecionar, analisar e interpretar obras artísticas para apresentação.;1-2.MAP.04; Identificar diferentes estilos de dança (ex.: sapateado, hip-hop, balé, dança country).
 1-2; Artes midiáticas; Desenvolver e aprimorar técnicas artísticas e trabalhar na apresentação.;1-2.MAP.05; Gere ideias utilizando diversas plataformas (por exemplo, páginas web, animações, vídeos).
 1-2; Artes midiáticas;Transmitir significado através da apresentação de obras artísticas.;1-2.MAP.06;"Desenvolver planos para produções de artes midiáticas (por exemplo, um aluno diz antes de iniciar um projeto de mídia: ""Vou fazer uma animação usando apenas triângulos"")."
 1-2; Artes midiáticas;Perceber e analisar a obra de arte;1-2.MAR.07; Aprimore ideias usando elementos artísticos (por exemplo, cor, movimento) para criar imagens em movimento ou arte interativa.
 1-2; Artes midiáticas;Interpretar a intenção e o significado na obra de arte.;1-2.MAR.08; Identifique diferentes momentos, locais, públicos e contextos para a apresentação de obras de arte multimídia.
 1-2; Artes midiáticas;Aplicar critérios para avaliar obras de arte;1-2.MAR.09;Organizar obras de arte com intenção artística (por exemplo, por tema, conceito ou outro princípio organizador).
 1-2; Artes midiáticas;Sintetizar e relacionar conhecimentos e experiências pessoais para criar arte.;1-2.MA.Co.10; Identifique seu melhor trabalho ou seu trabalho favorito para compartilhar.
 1-2; Artes midiáticas;Relacionar ideias e obras artísticas a contextos sociais, culturais e históricos para aprofundar a compreensão.;1-2.MA.Co.11;Com apoio, identifique os elementos básicos da arte multimídia (coleções de imagens e sons, tecnologia, interatividade).
 1-2;Música;Gerar e conceber ideias e obras artísticas.;1-2.M.Cr.01;Classifique as obras de arte por tema e atmosfera.
 1-2;Música;Organizar e desenvolver ideias e obras artísticas.;1-2.M.Cr.02;Demonstrar observação atenta da obra de arte (por exemplo, notando detalhes e estabelecendo conexões).
 1-2;Música;Aprimore e finalize a obra de arte.;1-2.M.Cr.03; Estabeleça conexões entre uma obra de arte e sua experiência pessoal.
 1-2;Música;Selecionar, analisar e interpretar obras artísticas para apresentação.;1-2.MP04;Identifique exemplos de diferentes contextos em obras de arte multimídia.
 1-2;Música;Desenvolver e aprimorar técnicas artísticas e trabalhar na apresentação.;1-2.MP05; Improvisar ideias musicais originais e curtas.
 1-2;Música;Transmitir significado através da apresentação de obras artísticas.;1-2.MP06; Ela integra várias ideias musicais originais em uma única peça.
 1-2;Música;Perceber e analisar a obra de arte;1-2.MR07; Explore diferentes ideias musicais experimentando com sua voz ou instrumentos.
 1-2;Música;Interpretar a intenção e o significado na obra de arte.;1-2.MR08; Cante músicas usando a voz de cabeça, produzindo a qualidade de tom adequada e mantendo a postura correta.
 1-2;Música;Aplicar critérios para avaliar obras de arte;1-2.MR09;Cante e toque frases simples individualmente, seguindo a notação básica padrão (por exemplo, notas brancas e pretas ou combinando padrões pentatônicos simples).
 1-2;Música;Sintetizar e relacionar conhecimentos e experiências pessoais para criar arte.;1-2.M.Co.10;Cantar e tocar em grupo, combinando níveis dinâmicos e respondendo às instruções de um maestro.
 1-2;Música;Relacionar ideias e obras artísticas a contextos sociais, culturais e históricos para aprofundar a compreensão.;1-2.M.Co.11;Com apoio, identifique elementos básicos em músicas conhecidas (incluindo andamento, dinâmica, ritmo e melodia).
 1-2;Teatro;Gerar e conceber ideias e obras artísticas.;1-2.T.Cr.01; Classifique as obras musicais por sentimento ou humor.
 1-2;Teatro;Organizar e desenvolver ideias e obras artísticas.;1-2.T.Cr.02;Demonstre escuta ativa como membro da audiência (por exemplo, observando detalhes, fazendo conexões).
 1-2;Teatro;Aprimore e finalize a obra de arte.;1-2.T.Cr.03; Estabelecer conexões entre a experiência pessoal e uma obra musical.
 1-2;Teatro;Selecionar, analisar e interpretar obras artísticas para apresentação.;1-2.TP04; Identificar diferentes gêneros e estilos musicais (por exemplo, canções folclóricas, canções de ninar, jazz, reggae).
 1-2;Teatro;Desenvolver e aprimorar técnicas artísticas e trabalhar na apresentação.;1-2.TP05;
 1-2;Teatro;Transmitir significado através da apresentação de obras artísticas.;1-2.TP06;
 1-2;Teatro;Perceber e analisar a obra de arte;1-2.TR07;a. Propor ideias para figurinos, adereços e cenários em uma experiência teatral guiada.
 1-2;Teatro;Interpretar a intenção e o significado na obra de arte.;1-2.TR08;b. Contribuir para o desenvolvimento de um enredo sequencial.
 1-2;Teatro;Aplicar critérios para avaliar obras de arte;1-2.TR09;
 1-2;Teatro;Sintetizar e relacionar conhecimentos e experiências pessoais para criar arte.;1-2.T.Co.10;a. Desenvolver as ideias de outros em uma obra dramática ou em uma experiência teatral guiada. (1-2.T.Cr.02.a)
 1-2;Teatro;Relacionar ideias e obras artísticas a contextos sociais, culturais e históricos para aprofundar a compreensão.;1-2.T.Co.11;b. Criar adereços, fantasias ou cenários de acordo com um plano (por exemplo, os alunos colocam lençóis sobre as cadeiras para criar uma floresta).
 1-2; Artes Visuais;Gerar e conceber ideias e obras artísticas.;1-2.V.Cr.01;
 1-2; Artes Visuais;Organizar e desenvolver ideias e obras artísticas.;1-2.V.Cr.02;a. Proponha novos detalhes sobre o personagem, o enredo e a história existentes em uma experiência teatral guiada. (1-2.T.Cr.03.a)
 1-2; Artes Visuais;Aprimore e finalize a obra de arte.;1-2.V.Cr.03;b. Desenvolver vozes e movimentos corporais adequados à personagem.
 1-2; Artes Visuais;Selecionar, analisar e interpretar obras artísticas para apresentação.; 1-2.P.04; Identifique os personagens e os cenários em uma peça específica (por exemplo, os personagens são o lobo e os três porquinhos, e o cenário é uma vila chinesa).
 1-2; Artes Visuais;Desenvolver e aprimorar técnicas artísticas e trabalhar na apresentação.;1-2.P.05; Contribuir para a adaptação do diálogo e do enredo em uma experiência teatral guiada.
 1-2; Artes Visuais;Transmitir significado através da apresentação de obras artísticas.;1-2.P.06; Interpretar uma personagem com base em um plano existente (por exemplo, roteiro, estrutura de improvisação).
 1-2; Artes Visuais;Perceber e analisar a obra de arte;1-2.VR07;Com apoio, identifique os elementos básicos do teatro (incluindo personagens e enredo).
 1-2; Artes Visuais;Interpretar a intenção e o significado na obra de arte.;1-2.VR08;"Compartilhar observações sobre uma obra teatral (por exemplo, ""Notei que o palco parecia uma rua da cidade"")."
 1-2; Artes Visuais;Aplicar critérios para avaliar obras de arte;1-2.VR09;Demonstre observação ativa como membro da plateia (por exemplo, percebendo detalhes, fazendo conexões).
 1-2; Artes Visuais;Sintetizar e relacionar conhecimentos e experiências pessoais para criar arte.;1-2.V.Co.10; Estabelecer conexões entre a experiência pessoal e as ações ou emoções de uma personagem.
 1-2; Artes Visuais;Relacionar ideias e obras artísticas a contextos sociais, culturais e históricos para aprofundar a compreensão.;1-2.V.Co.11; Identificar diferentes fontes de obras teatrais (por exemplo, contos populares e de fadas, vida cotidiana).
 3-4;Dança;Gerar e conceber ideias e obras artísticas.;3-4.Cr.D.01;Utilize uma ampla variedade de mídias bidimensionais e tridimensionais para comunicar uma ideia orientada pelo professor após observar imagens criadas por artistas que utilizaram materiais semelhantes.
 3-4;Dança;Organizar e desenvolver ideias e obras artísticas.;3-4.Cr.D.02;Concentre-se em um processo ou ideia e leve-o à conclusão, criando, mantendo e limpando um espaço de trabalho adequado para uma grande variedade de materiais e ferramentas artísticas.
 3-4;Dança;Aprimore e finalize a obra de arte.;3-4.Cr.D.03; Utilize diferentes ferramentas para experimentar com elementos artísticos (por exemplo, usando objetos encontrados para criar textura).
 3-4;Dança;Selecionar, analisar e interpretar obras artísticas para apresentação.;3-4.DP04;Explique mais de uma finalidade para a apresentação de arte (por exemplo, criar um portfólio, organizar uma exposição em um museu, produzir uma campanha publicitária).
 3-4;Dança;Desenvolver e aprimorar técnicas artísticas e trabalhar na apresentação.;3-4.DP05; Organizar obras de arte com intenção artística (por exemplo, por tema, conceito ou outro princípio organizador).
 3-4;Dança;Transmitir significado através da apresentação de obras artísticas.;3-4.DP06;Identifique seu melhor trabalho ou seu trabalho favorito para compartilhar e explique sua escolha.
 3-4;Dança;Perceber e analisar a obra de arte;3-4.DR07;Com ajuda, identifique os elementos básicos de uma obra de arte (incluindo cor, linha e forma).
 3-4;Dança;Interpretar a intenção e o significado na obra de arte.;3-4.DR08;Classifique as obras de arte por tema e atmosfera.
 3-4;Dança;Aplicar critérios para avaliar obras de arte;3-4.DR09; Estabeleça critérios para avaliar uma obra (por exemplo, ela é detalhada, possui cores vibrantes).
 3-4;Dança;Sintetizar e relacionar conhecimentos e experiências pessoais para criar arte.;3-4.D.Co.10; Estabeleça conexões entre a experiência pessoal e uma obra de arte para usá-la como inspiração para o seu trabalho.
 3-4;Dança;Relacionar ideias e obras artísticas a contextos sociais, culturais e históricos para aprofundar a compreensão.;3-4.D.Co.11;Identificar diferentes tipos de obras de arte (por exemplo, pinturas, esculturas, performances, trabalhos em fibra) em sua comunidade e em outros lugares que visitaram.
 3-4; Artes midiáticas;Gerar e conceber ideias e obras artísticas.;3-4.MA.Cr.01;Improvisar ideias de movimento que explorem o espaço (por exemplo, níveis, formas, direções, trajetórias) e o tempo (por exemplo, rápido e lento) como elementos da dança.
 3-4; Artes midiáticas;Organizar e desenvolver ideias e obras artísticas.;3-4.MA.Cr.02;" Crie uma sequência de dança com início, meio e fim; e seja capaz de repeti-la."
 3-4; Artes midiáticas;Aprimore e finalize a obra de arte.;3-4.MA.Cr.03;Responder a um desafio de movimento e formular hipóteses sobre possíveis soluções (por exemplo, como realizar entradas e saídas em um determinado espaço).
 3-4; Artes midiáticas;Selecionar, analisar e interpretar obras artísticas para apresentação.;3-4.MAP.04; Demonstrar precisão na memorização e reprodução de sequências de movimentos.
 3-4; Artes midiáticas;Desenvolver e aprimorar técnicas artísticas e trabalhar na apresentação.;3-4.MAP.05; Identificar estratégias para melhorar a força, a flexibilidade, a resistência, o equilíbrio e a coordenação.
 3-4; Artes midiáticas;Transmitir significado através da apresentação de obras artísticas.;3-4.MAP.06;Mover-se expressivamente ao ritmo da música e responder às mudanças de andamento.
 3-4; Artes midiáticas;Perceber e analisar a obra de arte;3-4.MAR.07; Analise como os diferentes elementos do movimento (por exemplo, espaço, tempo, esforço) contribuem para o significado de uma dança.
 3-4; Artes midiáticas;Interpretar a intenção e o significado na obra de arte.;3-4.MAR.R.08; Explique a relação entre cultura, lugar e comportamento do público (por exemplo, apresentações de rua, apresentações formais).
 3-4; Artes midiáticas;Aplicar critérios para avaliar obras de arte;3-4.MAR.R.09;Identifique como os elementos técnicos básicos da dança (por exemplo, iluminação, som) podem ser usados para apoiar o propósito do artista.
 3-4; Artes midiáticas;Sintetizar e relacionar conhecimentos e experiências pessoais para criar arte.;3-4.MA.Co.10;Saber diferenciar as próprias preferências em relação à dança das preferências de outras pessoas (por exemplo, colegas, amigos ou familiares).
 3-4; Artes midiáticas;Relacionar ideias e obras artísticas a contextos sociais, culturais e históricos para aprofundar a compreensão.;3-4.MA.Co.11;Descreva as maneiras pelas quais a interpretação da dança difere de outras formas de movimento utilizadas nos esportes e gestos cotidianos (ou seja, identifique o papel da intenção artística).
 3-4;Música;Gerar e conceber ideias e obras artísticas.;3-4.M.Cr.01; Gere ideias para artes midiáticas que utilizem imagens em movimento e interatividade.
 3-4;Música;Organizar e desenvolver ideias e obras artísticas.;3-4.M.Cr.02; Organizar e planejar uma ideia utilizando uma estratégia selecionada pelo professor (por exemplo, esboços, brainstorming, storyboards simplificados, fluxogramas ou modelagem).
 3-4;Música;Aprimore e finalize a obra de arte.;3-4.M.Cr.03; Responder a desafios artísticos e formular hipóteses sobre possíveis resultados (por exemplo, como as imagens em movimento podem ser usadas para ensinar outras pessoas sobre espécies ameaçadas de extinção?).
 3-4;Música;Selecionar, analisar e interpretar obras artísticas para apresentação.;3-4.MP04;Explique o processo utilizado na criação de arte pessoal, incluindo a documentação das etapas iniciais do processo criativo por meio de diversos métodos.
 3-4;Música;Desenvolver e aprimorar técnicas artísticas e trabalhar na apresentação.;3-4.MP05; Aprimorar uma técnica específica para produzir uma obra de arte multimídia (por exemplo, criar um objeto interativo realista como uma bola de basquete).
 3-4;Música;Transmitir significado através da apresentação de obras artísticas.;3-4.MP06; Crie uma obra que expresse, evoque ou comunique uma ideia específica (por exemplo, os alunos criam uma obra que transmite uma mensagem a um público específico).
 3-4;Música;Perceber e analisar a obra de arte;3-4.MR07; Analise como os princípios estéticos influenciam o efeito e o propósito das obras de arte multimídia.
 3-4;Música;Interpretar a intenção e o significado na obra de arte.;3-4.MR08; Explique como uma obra de arte pode identificar múltiplas perspectivas e ideias diversas da comunidade e ajudar a conectar-se com uma comunidade ou cultura.
 3-4;Música;Aplicar critérios para avaliar obras de arte;3-4.MR09;Identifique como os elementos técnicos básicos de uma obra de arte multimídia (por exemplo, imagens em movimento, som, interatividade) podem ser usados para apoiar o propósito do artista.
 3-4;Música;Sintetizar e relacionar conhecimentos e experiências pessoais para criar arte.;3-4.M.Co.01;Diferenciar as preferências pessoais em artes midiáticas das preferências de outras pessoas (por exemplo, amigos, familiares, professores).
 3-4;Música;Relacionar ideias e obras artísticas a contextos sociais, culturais e históricos para aprofundar a compreensão.;3-4.M.Co.02; Descreva maneiras pelas quais as artes multimídia podem ser usadas para expressar ideias de formas únicas.
 3-4;Teatro;Gerar e conceber ideias e obras artísticas.;3-4.T.Cr.01; Cante ou toque ideias musicais originais que explorem conceitos rítmicos e melódicos mais complexos (incluindo síncope, compasso ternário e tonalidades menores).
 3-4;Teatro;Organizar e desenvolver ideias e obras artísticas.;3-4.T.Cr.02; Organize ideias musicais originais com começos, meios e fins claros, usando formas binárias ou ternárias simples.
 3-4;Teatro;Aprimore e finalize a obra de arte.;3-4.T.Cr.03; Responder a um desafio musical e formular hipóteses sobre possíveis soluções.
 3-4;Teatro;Selecionar, analisar e interpretar obras artísticas para apresentação.;3-4.TP04;Ler individualmente ritmos e melodias moderadamente complexos (por exemplo, melodias com alternância de colcheias, semínimas e mínimas, tonalidades pentatônicas e diatônicas) na notação padrão da clave de sol.
 3-4;Teatro;Desenvolver e aprimorar técnicas artísticas e trabalhar na apresentação.;3-4.TP05; Cantar e tocar cânones musicais, cânones e músicas em pelo menos duas partes.
 3-4;Teatro;Transmitir significado através da apresentação de obras artísticas.;3-4.TP06;Cantar e tocar em grupo, respondendo adequadamente às instruções do maestro.
 3-4;Teatro;Perceber e analisar a obra de arte;3-4.TR07; Analise como as qualidades expressivas (por exemplo, andamento, dinâmica, timbre) são utilizadas para demonstrar a intenção musical de um compositor.
 3-4;Teatro;Interpretar a intenção e o significado na obra de arte.;3-4.TR08; Explique a relação entre cultura, lugar e comportamento do público (por exemplo, apresentações de rua, sinfonia).
 3-4;Teatro;Aplicar critérios para avaliar obras de arte;3-4.TR09; Identifique como os elementos da música (por exemplo, andamento, dinâmica, ritmo, melodia, harmonia) podem ser usados para apoiar o propósito do artista.
 3-4;Teatro;Sintetizar e relacionar conhecimentos e experiências pessoais para criar arte.;3-4.T.Co.10;Diferencie suas próprias preferências musicais das de outras pessoas (por exemplo, amigos ou familiares).
 3-4;Teatro;Relacionar ideias e obras artísticas a contextos sociais, culturais e históricos para aprofundar a compreensão.;3-4.T.Co.11; Descreva as maneiras pelas quais a música difere de outras formas de sons cotidianos (ou seja, qual é o papel da intenção artística).
 3-4; Artes Visuais;Gerar e conceber ideias e obras artísticas.;3-4.V.Cr.01; Criar e articular detalhes sensoriais de mundos imaginados e histórias improvisadas.
 3-4; Artes Visuais;Organizar e desenvolver ideias e obras artísticas.;3-4.V.Cr.02;"Registre ideias teatrais para uso futuro (por exemplo, escreva um roteiro com início, meio e fim claros; descreva detalhes de cenários, personagens ou figurinos)."
 3-4; Artes Visuais;Aprimore e finalize a obra de arte.;3-4.V.Cr.03;Responder a um desafio teatral e formular hipóteses sobre possíveis soluções.
 3-4; Artes Visuais;Selecionar, analisar e interpretar obras artísticas para apresentação.;3-4.VP04; Explique como as escolhas relativas aos elementos técnicos (por exemplo, iluminação, som) em uma obra teatral contribuem para o propósito do diretor.
 3-4; Artes Visuais;Desenvolver e aprimorar técnicas artísticas e trabalhar na apresentação.;3-4.VP05; Demonstrar a utilização de elementos técnicos para reforçar um tema ou ideia em uma obra teatral.
 3-4; Artes Visuais;Transmitir significado através da apresentação de obras artísticas.;3-4.VP06;Representar cenas de acordo com o estado de espírito indicado pelo professor (por exemplo, os alunos improvisam cenas que expressem diferentes advérbios, como animado, assustado, feliz).
 3-4; Artes Visuais;Perceber e analisar a obra de arte;3-4.VR07; Analise como os eventos essenciais de uma história moldam a estrutura dramática de uma obra teatral.
 3-4; Artes Visuais;Interpretar a intenção e o significado na obra de arte.;3-4.VR08;Explique como uma obra teatral pode ajudar a identificar múltiplas perspectivas e ideias diversas da comunidade, e como pode ajudar a conectar-se com uma comunidade ou cultura.
 3-4; Artes Visuais;Aplicar critérios para avaliar obras de arte;3-4.VR09;
 3-4; Artes Visuais;Sintetizar e relacionar conhecimentos e experiências pessoais para criar arte.;3-4.V.Co.10;a. Identifique como os elementos técnicos básicos do teatro (por exemplo, iluminação, som) são usados para apoiar o propósito do artista.
 3-4; Artes Visuais;Relacionar ideias e obras artísticas a contextos sociais, culturais e históricos para aprofundar a compreensão.;3-4.V.Co.11; b. Identificar os elementos básicos do teatro (ex.: personagens, enredo).
 5-6;Dança;Gerar e conceber ideias e obras artísticas.;5-6.D.Cr.01;Diferencie suas próprias preferências teatrais das de outras pessoas (por exemplo, amigos ou familiares).
 5-6;Dança;Organizar e desenvolver ideias e obras artísticas.;5-6.D.Cr.02;Descreva as maneiras pelas quais o teatro difere da vida cotidiana (ou seja, qual é o papel da intenção artística no teatro).
 5-6;Dança;Aprimore e finalize a obra de arte.;5-6.D.Cr.03; Desenvolva ideias que explorem diferentes elementos da arte (por exemplo, linha, forma, cor) usando uma ampla variedade de materiais.
 5-6;Dança;Selecionar, analisar e interpretar obras artísticas para apresentação.;5-6.DP04; Utilize uma estratégia escolhida pelo professor (por exemplo, esboços, protótipos, rascunhos) para organizar ideias artísticas.
 5-6;Dança;Desenvolver e aprimorar técnicas artísticas e trabalhar na apresentação.;5-6.DP05; Responder a um desafio artístico e desenvolver possíveis soluções.
 5-6;Dança;Transmitir significado através da apresentação de obras artísticas.;5-6.DP06; Documente os estágios iniciais do processo criativo utilizando uma variedade de métodos e classifique-os em diferentes categorias (curadoria inicial).
 5-6;Dança;Perceber e analisar a obra de arte;5-6.DR07;Aperfeiçoar uma técnica específica para produzir o efeito desejado (por exemplo, criar sombreamento realista).
 5-6;Dança;Interpretar a intenção e o significado na obra de arte.;5-6.DR08;Compartilhe um trabalho que expresse, evoque ou comunique uma ideia selecionada (por exemplo, os alunos são solicitados a criar uma escultura que expresse duas emoções opostas, como felicidade e tristeza).
 5-6;Dança;Aplicar critérios para avaliar obras de arte;5-6.DR09; Analise como os elementos estéticos (por exemplo, cor, forma, linha, figura, textura) são usados para demonstrar intenção.
 5-6;Dança;Sintetizar e relacionar conhecimentos e experiências pessoais para criar arte.;5-6.D.Co.10; Descreva interpretações contrastantes de uma obra de arte para identificar múltiplas perspectivas e diversas ideias da comunidade.
 5-6;Dança;Relacionar ideias e obras artísticas a contextos sociais, culturais e históricos para aprofundar a compreensão.;5-6.D.Co.11; Desenvolver critérios para avaliar a habilidade e a expressividade com que um artista utiliza os elementos básicos da arte (por exemplo, cor, linha, forma).
 5-6; Artes midiáticas;Gerar e conceber ideias e obras artísticas.;5-6.MA.Cr.01;Saber distinguir as próprias preferências artísticas das preferências de outras pessoas (por exemplo, amigos ou familiares).
 5-6; Artes midiáticas;Organizar e desenvolver ideias e obras artísticas.;5-6.MA.Cr.02;Descreva as maneiras pelas quais a arte difere de outros objetos do cotidiano e por que isso é importante (por exemplo, qual é o papel da intenção artística nas artes visuais).
 5-6; Artes midiáticas;Aprimore e finalize a obra de arte.;5-6.MA.Cr.03; Gere ideias interdisciplinares que explorem o espaço (incluindo o direto e o indireto), o tempo (incluindo o súbito e o prolongado) e a força (incluindo a forte e a leve) como elementos da dança.
 5-6; Artes midiáticas;Selecionar, analisar e interpretar obras artísticas para apresentação.;5-6.MAP.04;
 5-6; Artes midiáticas;Desenvolver e aprimorar técnicas artísticas e trabalhar na apresentação.;5-6.MAP.05;a. Organizar frases coreografadas usando formas composicionais (por exemplo, AB, ABA, cânone, rondó, retrógrado, variações temáticas).
 5-6; Artes midiáticas;Transmitir significado através da apresentação de obras artísticas.;5-6.MAP.06; b. Registre os movimentos e coreografias usando a terminologia de dança apropriada.
 5-6; Artes midiáticas;Perceber e analisar a obra de arte;5-6.MAR.R.07;
 5-6; Artes midiáticas;Interpretar a intenção e o significado na obra de arte.;5-6.MAR.R.08;a. Aprimore uma frase de dança modificando o espaço, o tempo e a energia/força. (5-6.D.Cr.03.a)
 5-6; Artes midiáticas;Aplicar critérios para avaliar obras de arte;5-6.MAR.R.09;b. Criar sequências de movimentos que demonstrem vários elementos técnicos, como uníssono, contraste, repetição e clímax.
 5-6; Artes midiáticas;Sintetizar e relacionar conhecimentos e experiências pessoais para criar arte.;5-6.MA.Co.10; Elabore uma declaração artística que explique suas escolhas de movimento.
 5-6; Artes midiáticas;Relacionar ideias e obras artísticas a contextos sociais, culturais e históricos para aprofundar a compreensão.;5-6.MA.Co.11; Demonstrar compreensão de flexibilidade, alinhamento, iniciação de movimento, transferência de peso e equilíbrio.
 5-6;Música;Gerar e conceber ideias e obras artísticas.;5-6.M.Cr.01;Apresentar formalmente uma obra de movimento curta a um público.
 5-6;Música;Organizar e desenvolver ideias e obras artísticas.;5-6.M.Cr.02;Analise como a forma de uma obra de movimento (por exemplo, ternária (ABA), rondó) apoia a intenção do coreógrafo.
 5-6;Música;Aprimore e finalize a obra de arte.;5-6.M.Cr.03;Utilize vocabulário específico para identificar detalhes sobre uma obra de movimento.
 5-6;Música;Selecionar, analisar e interpretar obras artísticas para apresentação.;5-6.MP04;Aplique uma rubrica para avaliar uma obra de dança (por exemplo, uma rubrica que inclua as habilidades dos intérpretes, a originalidade do movimento, o impacto visual e/ou emocional, a variedade, o contraste e a adequação dos elementos artísticos).
 5-6;Música;Desenvolver e aprimorar técnicas artísticas e trabalhar na apresentação.;5-6.MP05; Descreva e demonstre seu estilo artístico pessoal e como utilizá-lo para manter uma imagem corporal positiva (por exemplo, atenção plena, prevenção de lesões).
 5-6;Música;Transmitir significado através da apresentação de obras artísticas.;5-6.MP06; Identificar obras de dança influentes de diferentes períodos e como elas impactam as formas de dança atuais.
 5-6;Música;Perceber e analisar a obra de arte;5-6.MR07; Desenvolver abordagens integrativas para produzir conteúdo para diferentes públicos.
 5-6;Música;Interpretar a intenção e o significado na obra de arte.;5-6.MR08;Organize e planeje uma ideia utilizando uma variedade de estratégias escolhidas pelo próprio usuário (por exemplo, storyboards, fluxogramas ou protótipos).
 5-6;Música;Aplicar critérios para avaliar obras de arte;5-6.MR09; Aprimore uma ideia de arte multimídia fazendo alterações na forma como as imagens, a interatividade ou o som são utilizados.
 5-6;Música;Sintetizar e relacionar conhecimentos e experiências pessoais para criar arte.;5-6.M.Co.10;Selecionar, analisar e interpretar obras de arte para apresentação. Justificar as decisões artísticas através da elaboração de uma declaração artística.
 5-6;Música;Relacionar ideias e obras artísticas a contextos sociais, culturais e históricos para aprofundar a compreensão.;5-6.M.Co.11; Desenvolva um plano visual para exibir uma obra de arte multimídia, analisando onde os espectadores irão interagir com a obra e outras necessidades do público.
 5-6;Teatro;Gerar e conceber ideias e obras artísticas.;5-6.T.Cr.01;Apresentar formalmente uma obra de arte multimídia que estabeleça conexões com outras disciplinas.
 5-6;Teatro;Organizar e desenvolver ideias e obras artísticas.;5-6.T.Cr.02; Analise como a forma de uma obra de arte reforça a intenção do artista.
 5-6;Teatro;Aprimore e finalize a obra de arte.;5-6.T.Cr.03; Utilize vocabulário específico para identificar detalhes sobre uma obra de arte multimídia.
 5-6;Teatro;Selecionar, analisar e interpretar obras artísticas para apresentação.;5-6.TP04; Aplique uma rubrica para avaliar uma peça multimídia.
 5-6;Teatro;Desenvolver e aprimorar técnicas artísticas e trabalhar na apresentação.;5-6.TP05; Descreva e demonstre seu próprio estilo artístico e preferências em artes multimídia.
 5-6;Teatro;Transmitir significado através da apresentação de obras artísticas.;5-6.TP06;Identificar obras midiáticas influentes e seu impacto nas artes midiáticas.
 5-6;Teatro;Perceber e analisar a obra de arte;5-6.TR07; Gere ideias musicais interdisciplinares utilizando uma variedade de fontes sonoras não tradicionais (por exemplo, sons encontrados, tecnologia digital, vozes incomuns).
 5-6;Teatro;Interpretar a intenção e o significado na obra de arte.;5-6.TR08;
 5-6;Teatro;Aplicar critérios para avaliar obras de arte;5-6.TR09;a. Documente ideias melódicas simples e originais utilizando notação padrão.
 5-6;Teatro;Sintetizar e relacionar conhecimentos e experiências pessoais para criar arte.;5-6.T.Co.10; b. Organizar ideias musicais utilizando formas expandidas como o rondó e o tema com variações.
 5-6;Teatro;Relacionar ideias e obras artísticas com as realidades sociais, culturais e históricas.;5-6.T.Co.11;Improvisar e comparar diferentes versões da mesma ideia musical (por exemplo, adicionando ornamentos, alterando ritmos).
 5-6; Artes Visuais;Gerar e conceber ideias e obras artísticas.;5-6.V.Cr.01; Identificar símbolos de notação padrão e termos musicais relacionados à dinâmica, andamento, articulações, fórmula de compasso e expressão, e aplicá-los durante a execução.
 5-6; Artes Visuais;Organizar e desenvolver ideias e obras artísticas.;5-6.V.Cr.02;
 5-6; Artes Visuais;Aprimore e finalize a obra de arte.;5-6.V.Cr.03;a. Cantar e tocar música escrita em 3 partes usando a técnica apropriada.
 5-6; Artes Visuais;Selecionar, analisar e interpretar obras artísticas para apresentação.;5-6.VP04;b. Desenvolver a consciência de onde está a quebra natural na extensão vocal e como cruzá-la e equilibrar a voz nessa extensão.
 5-6; Artes Visuais;Desenvolver e aprimorar técnicas artísticas e trabalhar na apresentação.;5-6.VP05; Cantar e tocar em grupo, respondendo às instruções de um maestro, exibindo elementos estilísticos.
 5-6; Artes Visuais;Transmitir significado através da apresentação de obras artísticas.;5-6.VP06; Analise como a forma de uma obra de arte (por exemplo, o uso de repetição, padrões contrastantes, frases e temas) sustenta a intenção do compositor.
 5-6; Artes Visuais;Perceber e analisar a obra de arte;5-6.VR07; Utilize vocabulário específico para identificar detalhes sobre uma obra musical.
 5-6; Artes Visuais;Interpretar a intenção e o significado na obra de arte.;5-6.VR08; Aplique uma rubrica para avaliar uma obra musical (por exemplo, uma rubrica que inclua precisão, qualidade sonora e expressividade).
 5-6; Artes Visuais;Aplicar critérios para avaliar obras de arte;5-6.VR09; Descreva e demonstre seu estilo e preferências musicais pessoais.
 5-6; Artes Visuais;Sintetizar e relacionar conhecimentos e experiências pessoais para criar arte.;5-6.V.Co.10;Identifique as músicas influentes de diferentes períodos e como elas impactaram a música daquela época e potencialmente na atualidade.
 5-6; Artes Visuais;Relacionar ideias e obras artísticas com as realidades sociais, culturais e históricas.;5-6.V.Co.11; Gere ideias de design interdisciplinares que apoiem
 7-8;Dança;Gerar e conceber ideias e obras artísticas.;7-8.D.Cr.01;A história e as circunstâncias apresentadas em uma obra teatral.
 7-8;Dança;Organizar e desenvolver ideias e obras artísticas.;7-8.D.Cr.02; Desenvolva os eventos essenciais que compõem o enredo dramático.
 7-8;Dança;Aprimore e finalize a obra de arte.;7-8.D.Cr.03;estrutura em uma obra teatral improvisada ou roteirizada.
 7-8;Dança;Selecionar, analisar e interpretar obras artísticas para apresentação.;7-8.D.Cr04;
 7-8;Dança;Desenvolver e aprimorar técnicas artísticas e trabalhar na apresentação.;7-8.D.Cr05;
 7-8;Dança;Transmitir significado através da apresentação de obras artísticas.;7-8.D.Cr06;
 7-8;Dança;Perceber e analisar a obra de arte;7-8.DR07;a) Articule como os personagens poderiam se mover, falar,
 7-8;Dança;Interpretar a intenção e o significado na obra de arte.;7-8.DR08;e reagir para apoiar uma obra teatral.
 7-8;Dança;Aplicar critérios para avaliar obras de arte;7-8.DR09;b)
 7-8;Dança;Sintetizar e relacionar conhecimentos e experiências pessoais para criar arte.;7-8.D.Co.10;Capture os diálogos e os detalhes sensoriais dos personagens.
 7-8;Dança;Relacionar ideias e obras artísticas a contextos sociais, culturais e históricos para aprofundar a compreensão.;7-8.D.Co.11;de mundos imaginados e histórias improvisadas em um roteiro para uma obra teatral.
 7-8; Artes midiáticas;Gerar e conceber ideias e obras artísticas.;7-8.MA.Cr.01;Explique as escolhas de personagem e design desenvolvendo
 7-8; Artes midiáticas;Organizar e desenvolver ideias e obras artísticas.;7-8.MA.Cr.02;Uma declaração do artista.
 7-8; Artes midiáticas;Aprimore e finalize a obra de arte.;7-8.MA.Cr.03;. Desenvolver
 7-8; Artes midiáticas;Selecionar, analisar e interpretar obras artísticas para apresentação.;7-8.MAP.04;Características físicas e vocais eficazes das personagens em uma obra improvisada ou roteirizada.
 7-8; Artes midiáticas;Desenvolver e aprimorar técnicas artísticas e trabalhar na apresentação.;7-8.MAP.05;trabalho teatral (por exemplo, alterando a voz, os gestos ou a postura).
 7-8; Artes midiáticas;Transmitir significado através da apresentação de obras artísticas.;7-8.MAP.06;Contribuir para a apresentação de uma peça teatral curta.
 7-8; Artes midiáticas;Perceber e analisar a obra de arte;7-8.MAR.07;Trabalhar com um público (por exemplo, atuando, escrevendo ou dando suporte a um elemento técnico)
 7-8; Artes midiáticas;Interpretar a intenção e o significado na obra de arte.;7-8.MAR.R.08;que estabelece conexões com outras disciplinas.
 7-8; Artes midiáticas;Aplicar critérios para avaliar obras de arte;7-8.MAR.09;Analise como a estrutura
 7-8; Artes midiáticas;Sintetizar e relacionar conhecimentos e experiências pessoais para criar arte.;7-8.MAR.R.10;A representação de uma obra teatral reforça a intenção do artista (por exemplo, utilizando três elementos semelhantes).
 7-8; Artes midiáticas;Relacionar ideias e obras artísticas a contextos sociais, culturais e históricos para aprofundar a compreensão.;7-8.MAR.R.11;eventos repetidos).
 7-8;Música;Gerar e conceber ideias e obras artísticas.;7-8.M.Cr.01; Vestir
 7-8;Música;Organizar e desenvolver ideias e obras artísticas.;7-8.M.Cr.02;Vocabulário específico da área para identificar detalhes sobre uma peça ou obra teatral.
 7-8;Música;Aprimore e finalize a obra de arte.;7-8.M.Cr.03;Aplique uma rubrica para avaliar uma cena teatral.
 7-8;Música;Selecionar, analisar e interpretar obras artísticas para apresentação.;7-8.MP04;Descreva e demonstre sua própria teatralidade.
 7-8;Música;Desenvolver e aprimorar técnicas artísticas e trabalhar na apresentação.;7-8.MP05;estilo e preferências.
 7-8;Música;Transmitir significado através da apresentação de obras artísticas.;7-8.MP06;HSS
 7-8;Música;Perceber e analisar a obra de arte;7-8.MR07;Conexão: Os alunos desenvolvem seus próprios roteiros de poesia falada sobre a história de
 7-8;Música;Interpretar a intenção e o significado na obra de arte.;7-8.MR08; O Movimento pelos Direitos Civis do Século XX.
 7-8;Música;Aplicar critérios para avaliar obras de arte;7-8.MR09;Identifique obras teatrais influentes de
 7-8;Música;Sintetizar e relacionar conhecimentos e experiências pessoais para criar arte.;7-8.M.Co.01;Diferentes períodos e como eles afetaram o teatro.
 7-8;Música;Relacionar ideias e obras artísticas a contextos sociais, culturais e históricos para aprofundar a compreensão.;7-8.M.Co.02;. Acionar
 7-8;Teatro;Gerar e conceber ideias e obras artísticas.;7-8.T.Cr.01;Obras de arte que integram ideias com novos materiais, métodos e abordagens. Conexão com as artes midiáticas: os alunos elaboram um roteiro.
 7-8;Teatro;2;7-8.T.Cr.02;Para uma animação em stop-motion, pinte uma paisagem como plano de fundo do filme.
 7-8;Teatro;Aprimore e finalize a obra de arte.;7-8.T.Cr.03;(5-6.MA.P.06)
 7-8;Teatro;Selecionar, analisar e interpretar obras artísticas para apresentação.;7-8.TP04;Organize e planeje uma ideia usando uma variedade de
 7-8;Teatro;Desenvolver e aprimorar técnicas artísticas e trabalhar na apresentação.;7-8.TP05;Estratégias escolhidas pelo próprio usuário (por exemplo, esboços, protótipos, rascunhos).
 7-8;Teatro;Transmitir significado através da apresentação de obras artísticas.;7-8.TP06;
 7-8;Teatro;Perceber e analisar a obra de arte;7-8.TR07;a. Aprimorar uma obra artística fazendo alterações em aspectos específicos.
 7-8;Teatro;Interpretar a intenção e o significado na obra de arte.;7-8.TR08;elementos, como cor, forma ou espaço. b. Pesquisar e inventar novas técnicas e abordagens.
 7-8;Teatro;Aplicar critérios para avaliar obras de arte;7-8.TR09;utilizando materiais bidimensionais e tridimensionais.
 7-8;Teatro;Sintetizar e relacionar conhecimentos e experiências pessoais para criar arte.;7-8.T.Co.10;Desenvolva um título e uma declaração do artista que expliquem
 7-8;Teatro;Relacionar ideias e obras artísticas a contextos sociais, culturais e históricos para aprofundar a compreensão.;7-8.T.Co.11;Informações importantes sobre uma obra de arte pessoal.
 7-8; Artes Visuais;Gerar e conceber ideias e obras artísticas.;7-8.V.Cr.01;. Desenvolver
 7-8; Artes Visuais;Organizar e desenvolver ideias e obras artísticas.;7-8.V.Cr.02;Um plano visual para apresentar as obras de arte e o projeto da exposição.
 7-8; Artes Visuais;Aprimore e finalize a obra de arte.;7-8.V.Cr.03;Apresentar formalmente uma obra de arte (ou seja,
 7-8; Artes Visuais;Selecionar, analisar e interpretar obras artísticas para apresentação.;7-8.VP04;Falar pessoalmente sobre a obra de arte, em vez de simplesmente tê-la em exposição)
 7-8; Artes Visuais;Desenvolver e aprimorar técnicas artísticas e trabalhar na apresentação.;7-8.VP05;que estabelece conexões com outras disciplinas.
 7-8; Artes Visuais;Transmitir significado através da apresentação de obras artísticas.;7-8.VP06;
 7-8; Artes Visuais;Perceber e analisar a obra de arte;7-8.VR07;Analisando como uma obra de arte é formada.
 7-8; Artes Visuais;Interpretar a intenção e o significado na obra de arte.;7-8.VR08;(por exemplo, retrato, escultura, instalação, arte têxtil) comparar e contrastar
 7-8; Artes Visuais;Desenvolver critérios para avaliar uma coleção de obras de arte (por exemplo,;7-8.VR09;com outros do mesmo tipo ou período.
 7-8; Artes Visuais;Sintetizar e relacionar conhecimentos e experiências pessoais para criar arte.;7-8.VR10;
 7-8; Artes Visuais; Identificar ideias visuais de diversas culturas ligadas a diferentes populações históricas.;7-8.VR11;HSS
 9-12; Curso de Fundamentos da Dança;Gerar e conceber ideias e obras artísticas.;FDCr.01;Conexão: Os alunos estudam e discutem as colchas de retalhos feitas por afro-americanos escravizados.
 9-12; Curso de Fundamentos da Dança;Organizar e desenvolver ideias e obras artísticas.;FDCr.02;Seu potencial uso para comunicação no metrô e comparação.
 9-12; Curso de Fundamentos da Dança;Aprimore e finalize a obra de arte.;FDCr.03;Eles também fazem referência a outras colchas americanas do século XIX. (HSS.5.T1.07)
 9-12; Curso de Fundamentos da Dança;Selecionar, analisar e interpretar obras artísticas para apresentação.;FDP04;. Vestir
 9-12; Curso de Fundamentos da Dança;Desenvolver e aprimorar técnicas artísticas e trabalhar na apresentação.;FDP05;Vocabulário específico da área para identificar detalhes sobre uma obra de arte.
 9-12; Curso de Fundamentos da Dança;Transmitir significado através da apresentação de obras artísticas.;FDP06;Avaliar uma obra de arte com base em um critério predeterminado.
 9-12; Curso de Fundamentos da Dança;Perceber e analisar a obra de arte;FDR07;lista de critérios
 9-12; Curso de Fundamentos da Dança;Interpretar a intenção e o significado na obra de arte.;FDR08;Descreva e demonstre suas habilidades artísticas pessoais.
 9-12; Curso de Fundamentos da Dança;Aplicar critérios para avaliar obras de arte;FDR09;estilo e preferências.
 9-12; Curso de Fundamentos da Dança;Sintetizar e relacionar conhecimentos e experiências pessoais para criar arte.;FDCo.10;Identifique obras de arte influentes de
 9-12; Curso de Fundamentos da Dança;Relacionar ideias e obras artísticas a contextos sociais, culturais e históricos para aprofundar a compreensão.;FDCo.11;Diferentes períodos e seu impacto no mundo da arte.
 9-12; Curso de Fundamentos da Dança;Gerar e conceber ideias e obras artísticas.;PDCr.01; Crie ideias de movimento que combinem múltiplos elementos artísticos variados (por exemplo, explore como o nível e as formas interagem com o espaço e a força).
 9-12; Curso de Fundamentos da Dança;Organizar e desenvolver ideias e obras artísticas.;PDCr.02;Utilize os conceitos básicos de um tipo de notação de dança para documentar uma ideia de movimento original (por exemplo, Laban e Benesh).
 9-12; Curso de Fundamentos da Dança;Aprimore e finalize a obra de arte.;PDCr.03; Aplique estratégias para superar bloqueios criativos.
 9-12;Curso de Dança Avançada;Selecionar, analisar e interpretar obras artísticas para apresentação.;PDP04;Visualize e descreva os pensamentos e objetivos internos de uma personagem em uma obra de dança.
 9-12;Curso de Dança Avançada;Desenvolver e aprimorar técnicas artísticas e trabalhar na apresentação.;PDP05; Demonstrar habilidades técnicas de dança mais complexas (por exemplo, usar a transferência de peso e o equilíbrio para apoiar levantamentos e aterrissagens com parceiros).
 9-12;Curso de Dança Avançada;Transmitir significado através da apresentação de obras artísticas.;PDP06; Relacione uma apresentação de dança a uma intenção expressa (por exemplo, querer que o público se identifique com uma emoção).
 9-12;Curso de Dança Avançada;Perceber e analisar a obra de arte;PDR07;Analise como as culturas se refletem em uma gama diversificada de obras de dança.
 9-12;Curso de Dança Avançada;Interpretar a intenção e o significado na obra de arte.;PDR08; Explique como uma dança se conecta ao contexto histórico e cultural específico do local e da época em que foi criada.
 9-12;Curso de Dança Avançada;Aplicar critérios para avaliar obras de arte;PDR09; Desenvolver critérios para avaliar uma obra de dança (por exemplo, os alunos criam critérios para uma apresentação que é avaliada por eles mesmos).
 9-12;Curso de Dança Avançada;Sintetizar e relacionar conhecimentos e experiências pessoais para criar arte.;PDCo.10;Descreva e demonstre as influências do seu estilo e preferências pessoais de dança.
 9-12;Curso de Dança Avançada;Relacionar ideias e obras artísticas a contextos sociais, culturais e históricos para aprofundar a compreensão.;PDCo.11;Identificar ideias de dança de diferentes culturas ligadas a diferentes populações históricas.
 9-12;Curso Avançado de Dança;Gerar e conceber ideias e obras artísticas.;ADCr.01;Gere ideias de arte multimídia que integrem múltiplas imagens, som e interatividade de diversas maneiras.
 9-12;Curso Avançado de Dança;Organizar e desenvolver ideias e obras artísticas.;ADCr.02;Desenvolva planos artísticos que sejam suficientemente claros para que outros possam implementar essas ideias.
 9-12;Curso Avançado de Dança;Aprimore e finalize a obra de arte.;ADCr.03; Aplique estratégias para superar bloqueios criativos.
 9-12;Curso Avançado de Dança;Selecionar, analisar e interpretar obras artísticas para apresentação.;ADP04;Prepare uma exposição temática.
 9-12;Curso Avançado de Dança; Desenvolver e aprimorar técnicas artísticas e trabalhar na apresentação.;ADP05; Utilize diferentes abordagens para compartilhar seu trabalho com mídias.
 9-12;Curso Avançado de Dança; Transmitir significado através da apresentação de obras artísticas.;ADP06; Relacione uma obra midiática a uma intenção expressa (por exemplo, querer que o público sinta tensão entre duas posições).
 9-12;Curso Avançado de Dança; Perceber e analisar a obra de arte;ADR07; Analise como a cultura se reflete em uma ampla gama de obras midiáticas.
 9-12;Curso Avançado de Dança; Interpretar a intenção e o significado na obra de arte.;ADR08; Explique como uma obra de arte multimídia se conecta ao contexto histórico e cultural específico em que foi criada.
 9-12;Curso Avançado de Dança; Aplicar critérios para avaliar obras de arte;ADR09; Desenvolver critérios para avaliar uma coleção de obras de arte em mídia (por exemplo, os alunos criam critérios para uma exposição de mídia que será avaliada por outros alunos).
 9-12;Curso Avançado de Dança; Sintetizar e relacionar conhecimentos e experiências pessoais para criar arte.;ADCo.10;Descreva e demonstre as influências do estilo artístico pessoal e das preferências nas artes midiáticas.
 9-12;Curso Avançado de Dança;Relacionar ideias e obras artísticas a contextos sociais, culturais e históricos para aprofundar a compreensão.;ADCo.11;Explique e demonstre como a arte midiática está evoluindo em diferentes culturas (por exemplo, como a arte midiática está evoluindo de forma diferente na Coreia e nos Estados Unidos).
 9-12;Fundamentos das Artes Midiáticas;Gerar e conceber ideias e obras artísticas.;F.MA.Cr.01; Componha ideias musicais (por exemplo, ritmos, melodias, ostinatos e harmonias) usando formas expandidas (por exemplo, introduções, transições, codas).
 9-12;Fundamentos das Artes Midiáticas;Organizar e desenvolver ideias e obras artísticas.;F.MA.Cr.02; Documente uma melodia original e um acompanhamento simples usando notação padrão (por exemplo, uma melodia e acordes).
 9-12;Fundamentos das Artes Midiáticas; Aprimore e finalize a obra de arte.;F.MA.Cr.03; Aprimore os rascunhos de arranjo para garantir a consistência na notação (por exemplo, que as armaduras de clave, as notas e os ritmos estejam escritos corretamente).
 9-12;Fundamentos das Artes Midiáticas;Selecionar, analisar e interpretar obras artísticas para apresentação.;F.MA.P.04; Identifique as estratégias básicas que os músicos utilizam para praticar e empregue-as na preparação de uma obra musical para apresentação.
 9-12;Fundamentos das Artes Midiáticas;Desenvolver e aprimorar técnicas artísticas e trabalhar na apresentação.;F.MA.P.05;"Interpretar com precisão e expressividade um repertório de literatura vocal ou instrumental com nível de dificuldade 1, numa escala de 1 a 6; ou uma escala comparável com pelo menos quatro partes harmônicas."
 9-12;Fundamentos das Artes Midiáticas;Transmitir significado através da apresentação de obras artísticas.;F.MA.P.06; Relacione uma performance ou composição musical a uma intenção expressa (por exemplo, desejar que o público sinta uma emoção específica).
 9-12;Fundamentos das Artes Midiáticas;Perceber e analisar a obra de arte;F.MA.R.07; Analise como as culturas se refletem em uma gama diversificada de obras musicais.
 9-12;Fundamentos das Artes Midiáticas;Interpretar a intenção e o significado na obra de arte.;F.MA.R.08; Explique como uma obra musical se relaciona com o contexto cultural e histórico específico em que foi criada.
 9-12;Fundamentos das Artes Midiáticas;Aplicar critérios para avaliar obras de arte;F.MA.R.09; Desenvolver critérios para uma rubrica de avaliação de obras musicais (por exemplo, os alunos criam critérios para uma apresentação que será avaliada por eles mesmos).
 9-12;Fundamentos das Artes Midiáticas;Sintetizar e relacionar conhecimentos e experiências pessoais para criar arte.;F.MA.Co.10; Descreva e demonstre as influências do seu estilo e preferências musicais pessoais.
 9-12;Fundamentos das Artes Midiáticas;Relacionar ideias e obras artísticas a contextos sociais, culturais e históricos para aprofundar a compreensão.;F.MA.Co.11;Identificar como ideias e tradições musicais migram com as pessoas que as originaram, influenciando outras culturas, períodos históricos e gêneros e estilos musicais (por exemplo, a música folclórica europeia de imigrantes).
 9-12;Curso de Artes Midiáticas para Profissionais Competentes;Gerar e conceber ideias e obras artísticas.;P.MA.Cr.01;Gere ideias contextuais para uma personagem além do que é apresentado no roteiro (por exemplo, a história pregressa da personagem, suas atitudes, gostos e desgostos) e explique como essas ideias se conectam a outros elementos da obra (por exemplo, cenário, enredo).
 9-12;Curso de Artes Midiáticas para Profissionais Competentes;Organizar e desenvolver ideias e obras artísticas.;P.MA.Cr.02; Utilize anotações pessoais para apoiar a dramatização com falas extensas e instruções de interpretação.
 9-12;Curso de Artes Midiáticas para Profissionais Competentes;Aprimore e finalize a obra de arte.;P.MA.Cr.03;
 9-12;Curso de Artes Midiáticas para Profissionais Competentes;Selecionar, analisar e interpretar obras artísticas para apresentação.;P.MA.P.04;a. Desenvolver uma personagem fictícia, articulando e utilizando os pensamentos internos, objetivos e motivações da personagem numa obra teatral.
 9-12;Curso de Artes Midiáticas para Profissionais Competentes;Desenvolver e aprimorar técnicas artísticas e trabalhar na apresentação.;P.MA.P.05;b. Aplicar estratégias para superar bloqueios criativos.
 9-12;Curso de Artes Midiáticas para Profissionais Competentes;Transmitir significado através da apresentação de obras artísticas.;P.MA.P.06;Visualize e descreva os pensamentos e objetivos internos de um personagem fictício, relacionados às circunstâncias apresentadas em uma obra teatral.
 9-12;Curso de Artes Midiáticas para Profissionais Competentes;Perceber e analisar a obra de arte;P.MA.R.07;
 9-12;Curso de Artes Midiáticas para Profissionais Competentes;Interpretar a intenção e o significado na obra de arte.;P.MA.R.08;a. Utilizar diversas técnicas de atuação para ampliar habilidades e desenvolver opções de personagens em uma obra teatral.
 9-12;Curso de Artes Midiáticas para Profissionais Competentes;Aplicar critérios para avaliar obras de arte;P.MA.R.09;b. Executar uma variedade de elementos técnicos (por exemplo, cenário, iluminação, adereços, figurinos, som e maquiagem) para criar um projeto por meio de ensaios para uma obra teatral.
 9-12;Curso de Artes Midiáticas para Profissionais Competentes;Sintetizar e relacionar conhecimentos e experiências pessoais para criar arte.;P.MA.Co.10; Relacione uma apresentação teatral a uma intenção expressa (por exemplo, querer que o público reflita sobre justiça).
 9-12;Curso de Artes Midiáticas para Profissionais Competentes;Relacionar ideias e obras artísticas a contextos sociais, culturais e históricos para aprofundar a compreensão.;P.MA.Co.11; Analise os elementos de uma obra que sejam indicativos do contexto histórico ou cultural em que foi criada.
 9-12;Curso Avançado em Artes Midiáticas;Gerar e conceber ideias e obras artísticas.;A.MA.Cr.01; Explique como uma obra de arte foi influenciada pela cultura e pelo contexto histórico em que foi criada.
 9-12;Curso Avançado em Artes Midiáticas;Organizar e desenvolver ideias e obras artísticas.;A.MA.Cr.02;Desenvolver critérios para avaliar uma apresentação teatral (por exemplo, os alunos criam critérios para uma apresentação avaliada por outros alunos).
 9-12;Curso Avançado em Artes Midiáticas;Aprimore e finalize a obra de arte.;A.MA.Cr.03; Descreva e demonstre as influências do seu estilo artístico pessoal e suas preferências no teatro.
 9-12;Curso Avançado em Artes Midiáticas;Selecionar, analisar e interpretar obras artísticas para apresentação.;A.MA.P.04; Identificar múltiplas abordagens interculturais à narrativa relacionadas a diferentes populações históricas (por exemplo, as antigas cidades-estado gregas).
 9-12;Curso Avançado em Artes Midiáticas;Desenvolver e aprimorar técnicas artísticas e trabalhar na apresentação.;A.MA.P.05; Gere ideias artísticas que demonstrem diferenças nos princípios de composição (por exemplo, equilíbrio, proporção, ênfase) e expandam os limites do que os materiais podem fazer.
 9-12;Curso Avançado em Artes Midiáticas;Transmitir significado através da apresentação de obras artísticas.;A.MA.P.06; Desenvolva planos artísticos claros que outros possam implementar.
 9-12;Curso Avançado em Artes Midiáticas;Perceber e analisar a obra de arte;A.MA.R.07; Aplique estratégias para superar bloqueios criativos.
 9-12;Curso Avançado em Artes Midiáticas;Interpretar a intenção e o significado na obra de arte.;A.MA.R.08; Organize uma exposição temática.
 9-12;Curso Avançado em Artes Midiáticas;Aplicar critérios para avaliar obras de arte;A.MA.R.09;Utilize diferentes abordagens para compartilhar obras de arte (por exemplo, portfólio digital, instalação de exposição).
 9-12;Curso Avançado em Artes Midiáticas;Sintetizar e relacionar conhecimentos e experiências pessoais para criar arte.;A.MA.Co.10;Relacione uma obra de arte a uma intenção explícita (por exemplo, querer que o público sinta tensão entre duas posições).
 9-12;Curso Avançado em Artes Midiáticas;Relacionar ideias e obras artísticas a contextos sociais, culturais e históricos para aprofundar a compreensão.;A.MA.Co.11;Analise os elementos de uma obra que sejam indicativos do contexto histórico ou cultural em que foi criada.
 9-12; Padrões para solistas e conjuntos iniciantes;Gerar e conceber ideias e obras artísticas.;NMCr.01; Explique como uma obra de arte foi influenciada pela cultura ou pelo contexto histórico em que foi criada.
 9-12; Padrões para solistas e conjuntos iniciantes;Organizar e desenvolver ideias e obras artísticas.;NMCr.02; Desenvolver critérios para avaliar uma coleção de obras de arte (por exemplo, os alunos determinam os critérios para uma exposição avaliada por eles mesmos).
 9-12; Padrões para solistas e conjuntos iniciantes;Aprimore e finalize a obra de arte.;NMCr.03; Descreva e demonstre as influências do estilo artístico pessoal e das preferências nas artes visuais.
 9-12; Padrões para solistas e conjuntos iniciantes;Selecionar, analisar e interpretar obras artísticas para apresentação.;NMP04;Identificar ideias visuais de diversas culturas ligadas a diferentes populações históricas.
 9-12; Padrões para solistas e conjuntos iniciantes;Desenvolver e aprimorar técnicas artísticas e trabalhar na apresentação.;NMP05; Criar uma dança que reflita características de diferentes movimentos artísticos (por exemplo, cubismo, romantismo e vanguarda).
 9-12; Padrões para solistas e conjuntos iniciantes;Transmitir significado através da apresentação de obras artísticas.;NMP06;Utilize um tipo de notação de dança para documentar uma dança original.
 9-12; Padrões para solistas e conjuntos iniciantes;Perceber e analisar a obra de arte;RMN07; Use figurinos e acessórios para aperfeiçoar uma dança e expressar, evocar ou comunicar melhor com o público.
 9-12; Padrões para solistas e conjuntos iniciantes;Interpretar a intenção e o significado na obra de arte.;RMN08; Identifique as fontes históricas que explicam as convenções do movimento.
 9-12; Padrões para solistas e conjuntos iniciantes;Aplicar critérios para avaliar obras de arte;RMN09; Avalie os pontos fortes e fracos pessoais em improvisação, força, flexibilidade, resistência, equilíbrio e coordenação, e implemente planos para melhorá-los.
 9-12; Padrões para solistas e conjuntos iniciantes;Sintetizar e relacionar conhecimentos e experiências pessoais para criar arte.;NMCo.10; Descreva como as decisões sobre uma apresentação estão relacionadas com o que o aluno deseja expressar, evocar ou comunicar.
 9-12; Padrões para solistas e conjuntos iniciantes;Relacionar ideias e obras artísticas a contextos sociais, culturais e históricos para aprofundar a compreensão.;NMCo.11;Analise o estilo de um coreógrafo e como esse estilo se manifesta em uma determinada obra de movimento.
 9-12; Critérios básicos para solistas e conjuntos;Gerar e conceber ideias e obras artísticas.;FMCr.01; Identificar elementos de uma obra de dança que a conectam a um gênero ou estilo específico.
 9-12; Critérios básicos para solistas e conjuntos;Organizar e desenvolver ideias e obras artísticas.;FMCr.02; Compare e contraste diferentes rubricas ou critérios para avaliar trabalhos de dança.
 9-12; Critérios básicos para solistas e conjuntos;Aprimore e finalize a obra de arte.;FMCr.03;Descreva o que influenciou as mudanças no estilo artístico e nas preferências de dança de alguém.
 9-12; Critérios básicos para solistas e conjuntos;Selecionar, analisar e interpretar obras artísticas para apresentação.;FMP04; Identificar as conexões entre o contexto histórico e cultural e os elementos estilísticos que definem os movimentos de dança.
 9-12; Critérios básicos para solistas e conjuntos;Desenvolver e aprimorar técnicas artísticas e trabalhar na apresentação.;FMP05; Aplicar constantemente a pesquisa para apoiar o desenvolvimento de ideias artísticas (por exemplo, pesquisar diferentes estilos de leques chineses para apoiar o design de um acessório).
 9-12; Critérios básicos para solistas e conjuntos;Transmitir significado através da apresentação de obras artísticas.;FMP06;Identifique as diferentes estratégias que os dançarinos utilizam para gerar e organizar suas ideias de movimento.
 9-12; Critérios básicos para solistas e conjuntos;Perceber e analisar a obra de arte;FMR07;Utilize o contexto histórico e cultural para refinar suas escolhas de movimento pessoal.
 9-12; Critérios básicos para solistas e conjuntos;Interpretar a intenção e o significado na obra de arte.;FMR08; Demonstre como os coreógrafos utilizam técnicas específicas para evocar, expressar ou comunicar em uma obra de movimento.
 9-12; Critérios básicos para solistas e conjuntos;Aplicar critérios para avaliar obras de arte;FMR09; Contribuir para a produção de uma obra de movimento (por exemplo, dirigir uma parte de um ensaio).
 9-12; Critérios básicos para solistas e conjuntos;Sintetizar e relacionar conhecimentos e experiências pessoais para criar arte.;FMCo.10; Modificar uma apresentação de dança para esclarecer sua intenção artística, antecipando as reações do público.
 9-12; Critérios básicos para solistas e conjuntos;Relacionar ideias e obras artísticas a contextos sociais, culturais e históricos para aprofundar a compreensão.;FMCo.11;Compare e contraste diferentes obras de movimento em termos de uso de temas, espaços, tempos e ritmos, gestos e linguagem corporal, adereços (acessórios) ou figurinos.
 9-12; Padrões de competência para solistas e conjuntos;Gerar e conceber ideias e obras artísticas.;PMCr.01;Compare e contraste os elementos artísticos que tornam a dança contemporânea única.
 9-12; Padrões de competência para solistas e conjuntos;Organizar e desenvolver ideias e obras artísticas.;PMCr.02; Escolher e defender diferentes critérios para avaliar trabalhos de dança.
 9-12; Padrões de competência para solistas e conjuntos;Aprimore e finalize a obra de arte.;PMCr.03; Descreva como a dança influencia sua abordagem a outras disciplinas acadêmicas.
 9-12; Padrões de competência para solistas e conjuntos;Selecionar, analisar e interpretar obras artísticas para apresentação.;PMP04;Explique a relação entre dança e comercialização ou propaganda (por exemplo, discuta se uma representação comercial da dança hip-hop é autêntica ou não).
 9-12; Padrões de competência para solistas e conjuntos;Desenvolver e aprimorar técnicas artísticas e trabalhar na apresentação.;PMP05; Gere ideias originais que integrem princípios estéticos com estilo pessoal.
 9-12; Padrões de competência para solistas e conjuntos;Transmitir significado através da apresentação de obras artísticas.;PMP06; Documente as estratégias que eles usam regularmente para organizar suas ideias artísticas (por exemplo, manter um diário).
 9-12; Padrões de competência para solistas e conjuntos;Perceber e analisar a obra de arte;PMR07;Identificar os desafios do movimento, bem como as vantagens e desvantagens das diferentes soluções.
 9-12; Padrões de competência para solistas e conjuntos;Interpretar a intenção e o significado na obra de arte.;PMR08;Criar com precisão técnica uma peça que demonstre força, equilíbrio, resistência e coordenação.
 9-12; Padrões de competência para solistas e conjuntos;Aplicar critérios para avaliar obras de arte;PMR09; Organizar e dirigir a produção de uma obra de movimento (por exemplo, dirigir ensaios para uma apresentação de um pequeno grupo).
 9-12; Padrões de competência para solistas e conjuntos;Sintetizar e relacionar conhecimentos e experiências pessoais para criar arte.;PMCo.10;Criar um espetáculo de dança que provoque reflexão no público através da execução de habilidades técnicas com expressão artística, clareza, musicalidade e nuances estilísticas.
 9-12; Padrões de competência para solistas e conjuntos;Relacionar ideias e obras artísticas a contextos sociais, culturais e históricos para aprofundar a compreensão.;PMCo.11;Identificar maneiras pelas quais uma obra do movimento contemporâneo expande os limites do gênero e da disciplina.
 9-12; Padrões avançados para solistas e conjuntos;Gerar e conceber ideias e obras artísticas.;ASE.M.Cr.01; Analisar como as suas próprias perspetivas e preconceitos culturais e pessoais influenciam a sua compreensão de uma obra de dança.
 9-12; Padrões avançados para solistas e conjuntos;Organizar e desenvolver ideias e obras artísticas.;ASE.M.Cr.02; Identificar como o preconceito, a cultura e o privilégio podem afetar os critérios que usamos para avaliar o trabalho de dança.
 9-12; Padrões avançados para solistas e conjuntos;Aprimore e finalize a obra de arte.;ASE.M.Cr.03; Explique o desenvolvimento da sua visão estética como bailarina e como ela se representa em uma peça de movimento.
 9-12; Padrões avançados para solistas e conjuntos;Selecionar, analisar e interpretar obras artísticas para apresentação.;ASE.MP04;Identifique o contexto histórico e cultural que causou a mudança nos elementos estilísticos entre os estilos de dança.
 9-12; Padrões avançados para solistas e conjuntos;Desenvolver e aprimorar técnicas artísticas e trabalhar na apresentação.;ASE.MP05;Crie ideias para artes midiáticas que sejam características de diferentes gêneros de mídia.
 9-12; Padrões avançados para solistas e conjuntos;Transmitir significado através da apresentação de obras artísticas.;ASE.MP06; Crie vários planos diferentes para uma tarefa antes de selecionar um para implementar.
 9-12; Padrões avançados para solistas e conjuntos;Perceber e analisar a obra de arte;ASE.M.07; Aprimore conceitos e conteúdo concentrando-se em um elemento específico, como interatividade, temporalidade ou heterogeneidade.
 9-12; Padrões avançados para solistas e conjuntos;Interpretar a intenção e o significado na obra de arte.;ASE.M.08;Justifique as escolhas curatoriais e de apresentação das obras de arte para uma exposição ou evento específico (por exemplo, os alunos elaboram uma proposta para uma exposição com júri na comunidade).
 9-12; Padrões avançados para solistas e conjuntos;Aplicar critérios para avaliar obras de arte;ASE.M.09; Elabore uma proposta para uma instalação, obra de arte ou espaço digital que transforme a percepção e a experiência de um determinado local.
 9-12; Padrões avançados para solistas e conjuntos;Sintetizar e relacionar conhecimentos e experiências pessoais para criar arte.;ASE.M.Co.10; Descreva como as decisões sobre a apresentação de uma obra de arte multimídia se relacionam com o que o aluno deseja expressar, evocar ou comunicar.
 9-12; Padrões avançados para solistas e conjuntos;Relacionar ideias e obras artísticas a contextos sociais, culturais e históricos para aprofundar a compreensão.;ASE.M.Co.11;Analise o estilo de um artista multimídia e como esse estilo se manifesta em uma obra de arte multimídia específica.
 9-12; Padrões gerais de música avançada;Gerar e conceber ideias e obras artísticas.;AG.M.Cr.01; Identificar elementos artísticos em uma obra que a relacionem a um gênero ou estilo específico.
 9-12; Padrões gerais de música avançada;Organizar e desenvolver ideias e obras artísticas.;AG.M.Cr.02;Compare e contraste diferentes rubricas ou critérios para avaliar obras de arte em diferentes mídias.
 9-12; Padrões gerais de música avançada;Aprimore e finalize a obra de arte.;AG.M.Cr.03; Descreva o que influenciou as mudanças em seu estilo artístico e preferências nas artes midiáticas.
 9-12; Padrões gerais de música avançada;Selecionar, analisar e interpretar obras artísticas para apresentação.;AG.MP04;Identificar as conexões entre o contexto histórico e cultural e definir os elementos estilísticos de obras de arte em múltiplas mídias (por exemplo, mudanças de estilo devido ao surgimento da animação por computador).
 9-12; Padrões gerais de música avançada;Desenvolver e aprimorar técnicas artísticas e trabalhar na apresentação.;AG.MP05; Aplique a pesquisa de forma consistente para fundamentar o desenvolvimento de ideias artísticas. (Por exemplo, um aluno pesquisa diferentes maneiras pelas quais artistas de mídia utilizaram o som de fundo para enfatizar o elemento surpresa.)
 9-12; Padrões gerais de música avançada;Transmitir significado através da apresentação de obras artísticas.;AG.MP06; Documentar de forma independente uma ideia original de artes multimídia composta por várias partes (por exemplo, wireframe, storyboard).
 9-12; Padrões gerais de música avançada;Perceber e analisar a obra de arte;HS.AG.MR07;Aprimore as minutas de contratos para diferentes públicos.
 9-12; Padrões gerais de música avançada;Interpretar a intenção e o significado na obra de arte.;HS.AG.MR08; Explique como técnicas específicas são utilizadas para evocar, expressar ou comunicar ideias em uma obra de arte multimídia ou em uma coleção de tais obras.
 9-12; Padrões gerais de música avançada;Aplicar critérios para avaliar obras de arte;HS.AG.MR09; Contribuir com um trabalho que explore um tema, ideia ou conceito que seja pessoalmente significativo para uma exposição de artes multimídia (por exemplo, selecionando obras para incluir, desenvolvendo comentários sobre ideias de apresentação).
 9-12; Padrões gerais de música avançada;Sintetizar e relacionar conhecimentos e experiências pessoais para criar arte.;AG.M.Co.10; Modificar uma obra de arte multimídia para esclarecer sua intenção artística, antecipando as reações do público.
 9-12; Padrões gerais de música avançada;Relacionar ideias e obras artísticas a contextos sociais, culturais e históricos para aprofundar a compreensão.;AG.M.Co.11; Analise as qualidades e relações dos componentes em diversas obras de arte multimídia e considere como elas impactam o público.
 9-12;Padrões básicos do curso de teatro;Gerar e conceber ideias e obras artísticas.;FTCr.01; Compare e contraste os elementos artísticos que tornam as artes midiáticas únicas em comparação com outras disciplinas artísticas.
 9-12;Padrões básicos do curso de teatro;Organizar e desenvolver ideias e obras artísticas.;FTCr.02; Escolher e defender diferentes critérios para avaliar obras de arte multimídia.
 9-12;Padrões básicos do curso de teatro;Aprimore e finalize a obra de arte.;FTCr.03;Descreva como as artes midiáticas incorporam conteúdo de outras disciplinas acadêmicas (por exemplo, como padrões matemáticos podem ser usados para criar imagens e sons em uma obra de arte midiática).
 9-12;Padrões básicos do curso de teatro;Selecionar, analisar e interpretar obras artísticas para apresentação.;FTP04; Explique a relação entre obras de arte midiáticas e marketing ou propaganda (por exemplo, como os memes são usados para comunicar mensagens políticas).
 9-12;Padrões básicos do curso de teatro;Desenvolver e aprimorar técnicas artísticas e trabalhar na apresentação.;FTP05;Gere ideias originais que integrem princípios estéticos com o estilo pessoal individual.
 9-12;Padrões básicos do curso de teatro;Transmitir significado através da apresentação de obras artísticas.;FTP06;Documente as estratégias pessoais que são usadas regularmente para organizar ideias artísticas (por exemplo, caderno de esboços, pastas digitais, etc.).
 9-12;Padrões básicos do curso de teatro;Perceber e analisar a obra de arte;FTR07; Identificar desafios artísticos e refletir sobre as vantagens e desvantagens de diferentes soluções.
 9-12;Padrões básicos do curso de teatro;Interpretar a intenção e o significado na obra de arte.;FTR08; Criar produções midiáticas que integrem conteúdo e forma para sustentar uma ideia central.
 9-12;Padrões básicos do curso de teatro;Aplicar critérios para avaliar obras de arte;FTR09; Organizar e planejar uma exposição de artes midiáticas que explore um tema, ideia ou conceito pessoalmente significativo (por exemplo, identificar e coordenar um espaço de arte, configurar a tecnologia).
 9-12;Padrões básicos do curso de teatro;Sintetizar e relacionar conhecimentos e experiências pessoais para criar arte.;FTR10; Apresente uma obra de arte multimídia que provoque reflexão no público, apresentando diferentes estilos ou pontos de vista.
 9-12;Padrões básicos do curso de teatro;Relacionar ideias e obras artísticas a contextos sociais, culturais e históricos para aprofundar a compreensão.;FTR11; Identifique maneiras pelas quais uma obra de mídia contemporânea expande os limites de um gênero e de uma disciplina.
 9-12; Padrões de um Curso de Teatro Competente;Gerar e conceber ideias e obras artísticas.;PTCr.01;Analise como as perspectivas e os preconceitos culturais e pessoais influenciam a compreensão de uma obra de arte.
 9-12; Padrões de um Curso de Teatro Competente;Organizar e desenvolver ideias e obras artísticas.;PTCr.02; Identifique como o viés, a cultura e o privilégio podem afetar os critérios usados para avaliar obras de arte na mídia.
 9-12; Padrões de um Curso de Teatro Competente;Aprimore e finalize a obra de arte.;PTCr.03; Explique o desenvolvimento de uma visão estética pessoal como artista multimídia e como isso se representa em uma obra.
 9-12; Padrões de um Curso de Teatro Competente;Selecionar, analisar e interpretar obras artísticas para apresentação.;PTP04; Identifique o contexto histórico e cultural que causou a mudança nos elementos estilísticos entre os movimentos artísticos.
 9-12; Padrões de um Curso de Teatro Competente;Desenvolver e aprimorar técnicas artísticas e trabalhar na apresentação.;PTP05; Improvisar ideias melódicas e rítmicas curtas que reflitam características de diferentes gêneros.
 9-12; Padrões de um Curso de Teatro Competente;Transmitir significado através da apresentação de obras artísticas.;PTP06;Registre as decisões sobre a precisão da música escrita (por exemplo, adicione um lembrete da armadura de clave ou indique as subdivisões de tempo para um ritmo difícil).
 9-12; Padrões de um Curso de Teatro Competente;Perceber e analisar a obra de arte;PTR07;Aprimore as interpretações musicais explorando diferentes elementos (por exemplo, dinâmica e articulações).
 9-12; Padrões de um Curso de Teatro Competente;Interpretar a intenção e o significado na obra de arte.;PTR08; Identifique as estratégias básicas que os músicos utilizam para praticar e empregue-as na preparação de uma obra musical para apresentação.
 9-12; Padrões de um Curso de Teatro Competente;Aplicar critérios para avaliar obras de arte;PTR09;" Interpretar com precisão e expressividade obras da literatura vocal ou instrumental com nível de dificuldade 2, numa escala de 1 a 6; ou escala comparável."
 9-12; Padrões de um Curso de Teatro Competente;Sintetizar e relacionar conhecimentos e experiências pessoais para criar arte.;PTCo.10; Relacione uma performance musical a uma intenção expressa (por exemplo, desejar que o público se identifique com uma emoção).
 9-12; Padrões de um Curso de Teatro Competente;Relacionar ideias e obras artísticas a contextos sociais, culturais e históricos para aprofundar a compreensão.;PTCo.11; Analise como as culturas se refletem em uma gama diversificada de obras musicais.
 9-12; Padrões para Cursos Avançados de Teatro;Gerar e conceber ideias e obras artísticas.;ATcr.01; Explique como uma obra musical está ligada a um contexto histórico e cultural específico no qual foi criada.
 9-12; Padrões para Cursos Avançados de Teatro;Organizar e desenvolver ideias e obras artísticas.;ATcr.02;Desenvolver critérios para uma rubrica de avaliação de obras musicais (por exemplo, os alunos criam critérios para uma apresentação que será avaliada por eles mesmos).
 9-12; Padrões para Cursos Avançados de Teatro;Aprimore e finalize a obra de arte.;ATcr.03; Descreva suas influências e preferências musicais pessoais.
 9-12; Padrões para Cursos Avançados de Teatro;Selecionar, analisar e interpretar obras artísticas para apresentação.;ATP04; Identificar ideias musicais de diferentes culturas estudadas em história e ciências sociais (por exemplo, povos nativos americanos).
 9-12; Padrões para Cursos Avançados de Teatro;Desenvolver e aprimorar técnicas artísticas e trabalhar na apresentação.;ATP05; Explore ideias para interpretar uma obra (por exemplo, improvisando ornamentos para passagens musicais).
 9-12; Padrões para Cursos Avançados de Teatro;Transmitir significado através da apresentação de obras artísticas.;ATP06; Registrar decisões sobre a interpretação de música escrita (por exemplo, adicionar dinâmicas ou acentos a uma partitura).
 9-12; Padrões para Cursos Avançados de Teatro;Perceber e analisar a obra de arte;ATRO7; Aprimore as performances musicais explorando diferentes frases (por exemplo, incorporando tensão, resolução, unidade e variedade).
 9-12; Padrões para Cursos Avançados de Teatro;Interpretar a intenção e o significado na obra de arte.;ATRO8; Identificar estratégias avançadas que os músicos utilizam para praticar e aplicá-las na preparação de uma obra musical para apresentação.
 9-12; Padrões para Cursos Avançados de Teatro;Aplicar critérios para avaliar obras de arte;ATRO9;"Interpretar com precisão e expressividade obras da literatura vocal ou instrumental com nível de dificuldade 3, numa escala de 1 a 6; ou escala comparável."
 9-12; Padrões para Cursos Avançados de Teatro;Sintetizar e relacionar conhecimentos e experiências pessoais para criar arte.;ATCo.10; Descreva como as decisões sobre uma apresentação estão relacionadas com o que os alunos querem expressar, evocar ou comunicar.
 9-12; Padrões para Cursos Avançados de Teatro;Relacionar ideias e obras artísticas a contextos sociais, culturais e históricos para aprofundar a compreensão.;ATCo.11;Analise o estilo utilizado por um músico e como ele se manifesta em uma determinada obra musical.
 9-12; Padrões do Curso de Teatro Técnico;Gerar e conceber ideias e obras artísticas.;TTP01; Identificar elementos de uma obra que a conectam a um gênero ou estilo específico.
 9-12; Padrões do Curso de Teatro Técnico;Organizar e desenvolver ideias e obras artísticas.;TTP02;Compare e contraste diferentes rubricas ou critérios para avaliar música, a fim de identificar as vantagens e desvantagens de cada abordagem.
 9-12; Padrões do Curso de Teatro Técnico;Aprimore e finalize a obra de arte.;TTP03; Descreva o que influenciou as mudanças em seu estilo musical e preferências musicais.
 9-12; Padrões do Curso de Teatro Técnico;Selecionar, analisar e interpretar obras artísticas para apresentação.;TTCr.04;"Identificar as conexões entre os contextos históricos e culturais e os elementos estilísticos definidores de múltiplos movimentos musicais (por exemplo, a busca de Aaron Copland por um som americano, ou como ""Strange Fruit"" de Billie Holiday deu origem a um gênero de canções de protesto)."
 9-12; Padrões do Curso de Teatro Técnico;Desenvolver e aprimorar técnicas artísticas e trabalhar na apresentação.;TTCr.05; Aplicar a pesquisa para fundamentar a interpretação musical (por exemplo, os alunos ouvem várias gravações diferentes de uma determinada peça para determinar uma abordagem de execução).
 9-12; Padrões do Curso de Teatro Técnico;Transmitir significado através da apresentação de obras artísticas.;TTCr.06; Arranje uma melodia para vários instrumentos ou vozes.
 9-12; Padrões do Curso de Teatro Técnico;Perceber e analisar a obra de arte;TTR07;Aprimore os rascunhos de arranjo para garantir consistência em estilo, gênero e notação.
 9-12; Padrões do Curso de Teatro Técnico;Interpretar a intenção e o significado na obra de arte.;TTR08; Contribuir para a produção de uma apresentação de grupo pequeno (por exemplo, liderar uma parte do ensaio).
 9-12; Padrões do Curso de Teatro Técnico;Aplicar critérios para avaliar obras de arte;TTR09;"Interpretar com precisão e expressividade obras da literatura vocal ou instrumental com nível de dificuldade 4, numa escala de 1 a 6; ou escala comparável."
 9-12; Padrões do Curso de Teatro Técnico;Sintetizar e relacionar conhecimentos e experiências pessoais para criar arte.;TTCo.10;Modificar uma apresentação, antecipando as reações do público, para melhor alinhá-la à intenção artística do aluno.
 9-12; Padrões do Curso de Teatro Técnico;Relacionar ideias e obras artísticas com as realidades sociais, culturais e históricas.;TTCo.11; Analise como a estrutura da música impacta e influencia as performances.
 9-12; Padrões do Curso de Fundamentos das Artes Visuais;Gerar e conceber ideias e obras artísticas.;FVCr.01; Compare e contraste os elementos artísticos que tornam a música contemporânea única (por exemplo, compare e contraste como a música contemporânea difere das interpretações contemporâneas de uma obra clássica).
 9-12; Padrões do Curso de Fundamentos das Artes Visuais;Organizar e desenvolver ideias e obras artísticas.;FVCr.02; Escolher e defender diferentes critérios para avaliar uma determinada performance musical.
 9-12; Padrões do Curso de Fundamentos das Artes Visuais;Aprimore e finalize a obra de arte.;FVCr.03;Descreva como a música influencia a abordagem de outras disciplinas acadêmicas (por exemplo, como a física do som influencia a maneira como se faz música).
 9-12; Padrões do Curso de Fundamentos das Artes Visuais;Selecionar, analisar e interpretar obras artísticas para apresentação.;FVP04;"Explique a relação entre música e marketing ou propaganda (por exemplo, como o uso da música ""Revolution"" dos Beatles pela Nike gerou controvérsia, ou como a música de Wagner foi usada pela Alemanha nazista)."
 9-12; Padrões do Curso de Fundamentos das Artes Visuais;Desenvolver e aprimorar técnicas artísticas e trabalhar na apresentação.;FVP05;Criar interpretações instrumentais ou vocais que integrem princípios estéticos com estilo pessoal.
 9-12; Padrões do Curso de Fundamentos das Artes Visuais;Transmitir significado através da apresentação de obras artísticas.;FVP06; Arranjar peças para vários instrumentos ou vozes em diversos gêneros e estilos.
 9-12; Padrões do Curso de Fundamentos das Artes Visuais;Perceber e analisar a obra de arte;FVR07;" Identificar desafios musicais e refletir sobre as vantagens e desvantagens de diferentes soluções (por exemplo, ao tocar um instrumento, a posição ideal da mão para uma frase difícil; ao cantar, o espaçamento das respirações em uma passagem longa)."
 9-12; Padrões do Curso de Fundamentos das Artes Visuais;Interpretar a intenção e o significado na obra de arte.;FVR08;Organizar e dirigir uma apresentação de um pequeno grupo (por exemplo, liderar ensaios).
 9-12; Padrões do Curso de Fundamentos das Artes Visuais;Aplicar critérios para avaliar obras de arte;FVR09;" Interpretar com precisão e expressividade obras da literatura vocal ou instrumental com nível de dificuldade 5, numa escala de 1 a 6; ou escala comparável."
 9-12; Padrões do Curso de Fundamentos das Artes Visuais;Sintetizar e relacionar conhecimentos e experiências pessoais para criar arte.;FVCo.10; Executar uma obra musical concebida para provocar reflexão no público devido ao seu estilo ou ponto de vista.
 9-12; Padrões do Curso de Fundamentos das Artes Visuais;Relacionar ideias e obras artísticas a contextos sociais, culturais e históricos para aprofundar a compreensão.;FVCo.11;Identifique maneiras pelas quais uma peça musical contemporânea transcende as fronteiras de gênero e disciplina.
 9-12; Padrões de competência para cursos de artes visuais;Gerar e conceber ideias e obras artísticas.;PVCr.01; Analise como as perspectivas e preconceitos culturais e pessoais de cada um afetam a compreensão de uma obra musical.
 9-12; Padrões de competência para cursos de artes visuais;Organizar e desenvolver ideias e obras artísticas.;PVCr.02; Identifique como o preconceito, a cultura e o privilégio podem afetar os critérios utilizados para avaliar o desempenho musical.
 9-12; Padrões de competência para cursos de artes visuais;Aprimore e finalize a obra de arte.;PVCr.03;Explique o desenvolvimento da visão estética do grupo como um todo e como ela é representada em uma performance.
 9-12; Padrões de competência para cursos de artes visuais;Selecionar, analisar e interpretar obras artísticas para apresentação.;PVP04; Identifique os contextos históricos e culturais que causaram a mudança nos elementos estilísticos entre os movimentos musicais.
 9-12; Padrões de competência para cursos de artes visuais;Desenvolver e aprimorar técnicas artísticas e trabalhar na apresentação.;PVP05; Aplicar constantemente a pesquisa para gerar ideias de composição (por exemplo, para ajudar a gerar novas ideias, os alunos ouvem várias gravações diferentes de peças que utilizam sons industriais).
 9-12; Padrões de competência para cursos de artes visuais;Transmitir significado através da apresentação de obras artísticas.;PVP06; Documente as estratégias utilizadas regularmente para organizar ideias artísticas (por exemplo, desenvolver escalas subdominantes ou compor utilizando a forma sonata).
 9-12; Padrões de competência para cursos de artes visuais;Perceber e analisar a obra de arte;PVR07;Aprimore as peças musicais para expandir as ideias rítmicas e harmônicas (por exemplo, componha em compassos incomuns ou vá além das progressões I, IV, V).
 9-12; Padrões de competência para cursos de artes visuais;Interpretar a intenção e o significado na obra de arte.;PVR08;Explique como a composição em si se relaciona com gêneros, estilos e formas musicais já estabelecidos (por exemplo, explique como a peça combina elementos de jazz e música celta).
 9-12; Padrões de competência para cursos de artes visuais;Aplicar critérios para avaliar obras de arte;PVR09; Dirigir a produção e a apresentação de uma composição original (por exemplo, um aluno dirige um concerto no qual sua obra é executada).
 9-12; Padrões de competência para cursos de artes visuais;Sintetizar e relacionar conhecimentos e experiências pessoais para criar arte.;PVCo.10; Apresentar uma obra musical que provoque reflexão no público, exibindo diferentes estilos ou pontos de vista musicais (por exemplo, um aluno demonstra originalidade ao adaptar um estilo particular de interpretação ou canto).
 9-12; Padrões de competência para cursos de artes visuais;Relacionar ideias e obras artísticas a contextos sociais, culturais e históricos para aprofundar a compreensão.;PVCo.11; Identifique maneiras pelas quais as composições musicais contemporâneas expandem os limites de gênero e disciplina (por exemplo, como o uso do Auto-Tune por Cher afetou a indústria da música).
 9-12; Padrões do Curso Avançado de Artes Visuais;Gerar e conceber ideias e obras artísticas.;AVcr.01;Analisar
 9-12; Padrões do Curso Avançado de Artes Visuais;Organizar e desenvolver ideias e obras artísticas.;AVcr.02;as maneiras pelas quais as perspectivas e preconceitos culturais e pessoais de alguém afetam a forma como essa pessoa
 9-12; Padrões do Curso Avançado de Artes Visuais;Aprimore e finalize a obra de arte.;AVcr.03;Inclui obras musicais específicas (por exemplo, observar como a popularidade de uma música influencia...).
 9-12; Padrões do Curso Avançado de Artes Visuais;Selecionar, analisar e interpretar obras artísticas para apresentação.;AVP04;Perspectivas dos alunos sobre a música).
 9-12; Padrões do Curso Avançado de Artes Visuais;Desenvolver e aprimorar técnicas artísticas e trabalhar na apresentação.;AVP05; Elabore um argumento em defesa da escolha de um critério em detrimento de outro para avaliar uma composição musical.
 9-12; Padrões do Curso Avançado de Artes Visuais;Transmitir significado através da apresentação de obras artísticas.;AVP06; Explique o desenvolvimento da musicalidade ou do estilo musical e como isso se relaciona com uma composição.
 9-12; Padrões do Curso Avançado de Artes Visuais;Perceber e analisar a obra de arte;AVR07; Identificar as influências sociais, culturais e pessoais no estilo musical de um compositor ou músico.
 9-12; Padrões do Curso Avançado de Artes Visuais;Interpretar a intenção e o significado na obra de arte.;AVR08; Criar ideias teatrais (por exemplo, enredo, cenário, personagens) que reflitam características de diferentes movimentos artísticos.
 9-12; Padrões do Curso Avançado de Artes Visuais;Aplicar critérios para avaliar obras de arte;AVR09;Crie um esboço para uma cena original ou peça curta, incluindo detalhes como figurinos ou cenografia.
 9-12; Padrões do Curso Avançado de Artes Visuais;Sintetizar e relacionar conhecimentos e experiências pessoais para criar arte.;AVCo.10;Aprimore e revise os diálogos dos personagens, as indicações de palco e os detalhes sensoriais dos mundos imaginados.
 9-12; Padrões do Curso Avançado de Artes Visuais;Relacionar ideias e obras artísticas a contextos sociais, culturais e históricos para aprofundar a compreensão.;AVCo.11;Identificar fontes históricas que expliquem a terminologia e as convenções do drama/teatro.
