Grade;Area;Topic;Code;Description
PK-K;Dance Standards;Generate and conceptualize artistic ideas and work;PK-K.D.Cr.01; Use a variety of props when exploring movement.
PK-K;Dance Standards;Organize and develop artistic ideas and work;PK-K.D.Cr.02; 
PK-K;Dance Standards;Refine and complete artistic work;PK.K.D.Cr.03;a. Identify and distinguish between body parts in movements, (e.g., feet and toes).
PK-K;Dance Standards;Select, analyze and interpret artistic work for presentation;PK-K.D.P.04;b.Focus on and pursue a process or idea to completion during dance activities. 
PK-K;Dance Standards;Develop and refine artistic techniques and work for presentation;PK-K.D.P.05;With prompting and support, choose favorite movement ideas, practicing and demonstrating them. (PK-K.D.3)
PK-K;Dance Standards; Convey meaning through the presentation of artistic work;PK-K.D.P.06; Contrast movements in different levels (including, high, middle, low) and pathways (including, curvy, straight, circle, zig-zag, wavy, spiral). 
PK-K;Dance Standards; Perceive and analyze artistic work;PK-K.D.R.07; Maintain personal and general space safely and respectfully (e.g., stop, start, and control one?s own body).
PK-K;Dance Standards; Interpret intent and meaning in artistic work;PK-K.D.R.08;  Perform short dance works expressively. 
PK-K;Dance Standards; Apply criteria to evaluate artistic work;PK-K.D.R.09; Meet expectations of an audience member (e.g., listening quietly, clapping at the end).
PK-K;Dance Standards; Synthesize and relate knowledge and personal experiences to make art;PK.K.D.Co.10; Articulate personal responses to dance (e.g., ?this piece made me feel? this piece made me think??). 
PK-K;Dance Standards; Relate artistic ideas and works to societal, cultural and historical contexts to deepen understanding;PK.K.D.Co.11;" Share observations regarding a dance performance (e.g., ""I noticed that everyone had a turn""). "
PK-K;Media Arts ;Generate and conceptualize artistic ideas and work;PK-K.MA.Cr.01; Identify examples of dance in their daily life.
PK-K;Media Arts ;Organize and develop artistic ideas and work;PK-K.MA.Cr.02; Respond in movement to music cues associated with various dance styles. e.g., tap, hip-hop, ballet, square).
PK-K;Media Arts ;Refine and complete artistic work;PK-K.MA.Cr.03; Explore moving images or interactive art using a variety of media and tools.
PK-K;Media Arts ;Select, analyze and interpret artistic work for presentation;PK-K.MA.P.04;Focus on and pursue a process or idea to completion during experimentation with a variety of media and tools. 
PK-K;Media Arts ;Develop and refine artistic techniques and work for presentation;PK-K.MA.P.05; With prompting and support, generate multiple ideas for a moving image or interactive piece. 
PK-K;Media Arts ;Convey meaning through the presentation of artistic work;PK-K.MA.P.06; Describe process and choices made when generating components for a moving image or interactive piece. 
PK-K;Media Arts ;Perceive and analyze artistic work;PK-K.MA.R.07; Select a media product from play and experimentation to share.
PK-K;Media Arts ;Interpret intent and meaning in artistic work;PK-K.MA.R.08; Give reasons for selecting a media product to present.
PK-K;Media Arts ;Apply criteria to evaluate artistic work;PK-K.MA.R.09; With prompting and support, identify similarities between multiple different media art pieces. 
PK-K;Media Arts ;Synthesize and relate knowledge and personal experiences to make art;PK-K.MA.Co.10; Share observations regarding a variety of media artworks.
PK-K;Media Arts ;Relate artistic ideas and works to societal, cultural and historical contexts to deepen understanding;PK-K.MA.Co.11; Articulate personal responses of media artworks (e.g., ?this piece made me feel?? ?this piece made me think??).
PK-K;Music;Generate and conceptualize artistic ideas and work;PK-K.M.Cr.01;Identify examples of media artworks in the student's daily life.
PK-K;Music;Organize and develop artistic ideas and work;PK-K.M.Cr.02;With support, identify different types of media artwork (e.g., animation, website, digital space). 
PK-K;Music;Refine and complete artistic work;PK-K.M.Cr.03; With prompting and support, sing or play short original musical ideas. 
PK-K;Music;Select, analyze and interpret artistic work for presentation;PK-K.M.P.04;
PK-K;Music;Develop and refine artistic techniques and work for presentation;PK-K.M.P.05;a. Focus on and pursue a process or idea to completion during play and experimentation with music.
PK-K;Music;Convey meaning through the presentation of artistic work;PK-K.M.P.06;b. Name and demonstrate vocal production types (including speaking, singing, whispering). 
PK-K;Music;Perceive and analyze artistic work;PK-K.M.R.07; With prompting and support, choose favorite musical ideas, practicing and demonstrating them vocally or on an instrument. 
PK-K;Music;Interpret intent and meaning in artistic work;PK-K.M.R.08; Contrast different musical element opposites (including fast-slow, high-low, quiet-loud) through singing, playing, or moving.
PK-K;Music;Apply criteria to evaluate artistic work;PK-K.M.R.09; Demonstrate beat competency by using a steady beat when performing pieces that incorporate simple rhythmic patterns (e.g., body percussion, classroom instruments, or movement). 
PK-K;Music;Synthesize and relate knowledge and personal experiences to make art;PK-K.M.Co.10; Perform a short original musical idea through singing and playing with expression.
PK-K;Music;Relate artistic ideas and works to societal, cultural and historical contexts to deepen understanding;PK-K.M.Co.11; Meet expectations of an audience member (e.g., listening quietly, clapping at the end).
PK-K;Theatre;Generate and conceptualize artistic ideas and work;PK-K.T.Cr.01; Share observations regarding diverse musical works (e.g., world, popular, folk, classical, etc.)
PK-K;Theatre;Organize and develop artistic ideas and work;PK-K.T.Cr.02; Articulate personal responses to music (e.g., ?this piece made me feel?? ?this piece made me think??)
PK-K;Theatre;Refine and complete artistic work;PK-K.T.Cr.03; Identify examples of music they hear or perform in their daily life (e.g. in advertisements or radio). 
PK-K;Theatre;Select, analyze and interpret artistic work for presentation;PK-K.T.P.04; Move to different genres and styles of music (e.g., classical, jazz, rock, country, hip-hop).
PK-K;Theatre;Develop and refine artistic techniques and work for presentation;PK-K.T.P.05;Contribute story ideas in dramatic play.
PK-K;Theatre;Convey meaning through the presentation of artistic work;PK-K.T.P.06; Use everyday objects to create puppets, props, scenery, and costume pieces in dramatic play.
PK-K;Theatre;Perceive and analyze artistic work;PK-K.T.R.07; ÿRepeat improvised scenes in different ways (e.g., imagine this character was happy, redo the scene if it were raining).
PK-K;Theatre;Interpret intent and meaning in artistic work;PK-K.T.R.08;ÿIdentify realistic feelings characters might have in a theatrical work.
PK-K;Theatre;Apply criteria to evaluate artistic work;PK-K.T.R.09; Demonstrate appropriate behaviors of a theatrical presentation (e.g., waiting to enter, bowing at the end).ÿ
PK-K;Theatre;Synthesize and relate knowledge and personal experiences to make art;PK-K.T.Co.10;Portray simple characters in dramatic play.
PK-K;Theatre;Relate artistic ideas and works to societal, cultural and historical contexts to deepen understanding;PK-K.T.Co.11;Meet expectations of an audience member (e.g., listening quietly, clapping at the end).
PK-K;Visual Arts ;Generate and conceptualize artistic ideas and work;PK-K.V.Cr.01;"ÿShare observations regarding a theatrical work (e.g., ""I noticed that all the mean characters were dressed in red"")."
PK-K;Visual Arts ;Organize and develop artistic ideas and work;PK-K.V.Cr.02;Articulate personal responses to theatrical work (e.g., ?this piece made me feel?? ?this piece made me think??).
PK-K;Visual Arts ;Refine and complete artistic work;PK-K.V.Cr.03; With prompting and support, identify similarities between elements of a theatrical work and personal experiences.ÿ
PK-K;Visual Arts ;Select, analyze and interpret artistic work for presentation;PK-K.V.P.04;With support, identify different types of theatrical works (e.g., puppetry, musicals, improvisation.
PK-K;Visual Arts ;Develop and refine artistic techniques and work for presentation;PK-K.V.P.05;Experiment with a wide variety of both two- and three-dimensional materials, including recycled/repurposed ones after looking at images from several artists who use those materials. 
PK-K;Visual Arts ;Convey meaning through the presentation of artistic work;PK-K.V.P.06; Focus on and pursue a process or idea to completion when experimenting with a wide variety of art materials. 
PK-K;Visual Arts ;Perceive and analyze artistic work;PK-K.V.R.07; Investigate more than one artistic idea using the same medium. 
PK-K;Visual Arts ;Interpret intent and meaning in artistic work;PK-K.V.R.08;Create an image or object and describe what it represents.
PK-K;Visual Arts ;Apply criteria to evaluate artistic work;PK-K.V.R.09;Select and share a product created through experimentation with materials. 
PK-K;Visual Arts ;Synthesize and relate knowledge and personal experiences to make art;PK-K.V.Co.10;Give reasons for selecting an artwork to share.
PK-K;Visual Arts ;Relate artistic ideas and works to societal, cultural and historical contexts to deepen understanding;PK-K.V.Co.11;With prompting and support, identify similarities between multiple pieces of art. 
 1-2;Dance Standards;Generate and conceptualize artistic ideas and work;1-2.D.Cr.01;" Describe what is seen in an artwork (e.g., ?I see a dot; I see yellow in the corner; I see a round part?), interpret a possible meaning, and explain why the meaning makes sense."
 1-2;Dance Standards;Organize and develop artistic ideas and work;1-2.D.Cr.02; Select a work that evokes feelings and describe the connection between the work and the emotional response. 
 1-2;Dance Standards;Refine and complete artistic work;1-2.D.Cr.03;Identify examples of art in daily life and use them as inspiration for their artwork.
 1-2;Dance Standards;Select, analyze and interpret artistic work for presentation;1-2.D.P.04;With support, identify different types of artwork (e.g., paintings, sculpture, performance, fiber) within their community and other places they have encountered.
 1-2;Dance Standards;Develop and refine artistic techniques and work for presentation;1-2.D.P.05; Generate dance ideas that utilize levels (e.g., high, low), pathways (e.g., straight, curvy), shapes (e.g., symmetric and asymmetric) and directions (e.g., backward, diagonal).
 1-2;Dance Standards;Convey meaning through the presentation of artistic work;1-2.D.P.06;Initiate movements from locomotive or non-locomotive movements using different body parts. 
 1-2;Dance Standards;Perceive and analyze artistic work;1-2.D.R.07;Demonstrate accuracy in moving to a musical beat and responding to changes in tempo. 
 1-2;Dance Standards;Interpret intent and meaning in artistic work;1-2.D.R.08; Demonstrate the difference between pantomime and gesture in dance. 
 1-2;Dance Standards;Apply criteria to evaluate artistic work;1-2.D.R.09;Demonstrate partner skills of copying, leading, and following. 
 1-2;Dance Standards;Synthesize and relate knowledge and personal experiences to make art;1-2.D.Co.10;Move in ways that match cues, directions and artistic interpretations.
 1-2;Dance Standards;Relate artistic ideas and works to societal, cultural and historical contexts to deepen understanding;1-2.D.Co.11; With support, identify the basic elements of dance (including, body, action, space, time, and energy). 
 1-2;Media Arts ;Generate and conceptualize artistic ideas and work;1-2.MA.Cr.01; Move to and categorize dance works by mood. 
 1-2;Media Arts ;Organize and develop artistic ideas and work;1-2.MA.Cr.02; Demonstrate active observation as an audience member (e.g., noticing details, making connections).
 1-2;Media Arts ;Refine and complete artistic work;1-2.MA.Cr.03;Make connections between personal experience and a work of dance. 
 1-2;Media Arts ;Select, analyze and interpret artistic work for presentation;1-2.MA.P.04;Identify different styles of dance (e.g., tap, hip-hop, ballet, square). 
 1-2;Media Arts ; Develop and refine artistic techniques and work for presentation;1-2.MA.P.05; Generate ideas using a variety of platforms (e.g., webpages, animation, videos).
 1-2;Media Arts ;Convey meaning through the presentation of artistic work;1-2.MA.P.06;"Develop plans for media arts productions (e.g., a student says before starting a media project, ""I'm going to make an animation using only triangles"")."
 1-2;Media Arts ;Perceive and analyze artistic work;1-2.MA.R.07;Refine ideas using artistic elements (e.g. color, movement) for moving imagery or interactive art. 
 1-2;Media Arts ;Interpret intent and meaning in artistic work;1-2.MA.R.08;Identify different times, places, audiences, and contexts for presenting media artwork. 
 1-2;Media Arts ;Apply criteria to evaluate artistic work;1-2.MA.R.09;Organize artwork with artistic intent (e.g. by theme, concept, or other organizational principle).
 1-2;Media Arts ;Synthesize and relate knowledge and personal experiences to make art;1-2.MA.Co.10;Identify one's best work or one's favorite work for sharing. 
 1-2;Media Arts ;Relate artistic ideas and works to societal, cultural and historical contexts to deepen understanding;1-2.MA.Co.11;With support, identify the basic elements of media art (collections of images and sound, technology, interactivity). 
 1-2;Music;Generate and conceptualize artistic ideas and work;1-2.M.Cr.01;Categorize artwork by subject matter and mood.
 1-2;Music;Organize and develop artistic ideas and work;1-2.M.Cr.02;Demonstrate close observation of artistic work (e.g. noticing details, making connections).
 1-2;Music;Refine and complete artistic work;1-2.M.Cr.03;Make connections between an artwork and their personal experience. 
 1-2;Music;Select, analyze and interpret artistic work for presentation;1-2.M.P.04;Identify examples of different contexts within media artworks.
 1-2;Music;Develop and refine artistic techniques and work for presentation;1-2.M.P.05; Improvise short original musical ideas. 
 1-2;Music;Convey meaning through the presentation of artistic work;1-2.M.P.06;Connect multiple original musical ideas together into a single piece. 
 1-2;Music;Perceive and analyze artistic work;1-2.M.R.07; Explore different musical ideas by experimenting with the voice or instruments. 
 1-2;Music;Interpret intent and meaning in artistic work;1-2.M.R.08; Sing songs using head voice, appropriately produced tone quality, and correct posture. 
 1-2;Music;Apply criteria to evaluate artistic work;1-2.M.R.09;Individually sing and play simple phrases following basic standard notation (e.g., half and quarter notes or matching simple pentatonic patterns). 
 1-2;Music;Synthesize and relate knowledge and personal experiences to make art;1-2.M.Co.10;Sing and play in groups matching dynamic levels and responding to the cues of a conductor.
 1-2;Music;Relate artistic ideas and works to societal, cultural and historical contexts to deepen understanding;1-2.M.Co.11;With support, identify basic elements in familiar songs (including tempo, dynamics, rhythm, melody).
 1-2;Theatre;Generate and conceptualize artistic ideas and work;1-2.T.Cr.01;Categorize musical works by feeling or mood. 
 1-2;Theatre;Organize and develop artistic ideas and work;1-2.T.Cr.02;Demonstrate active listening as an audience member (e.g., noticing details, making connections).
 1-2;Theatre;Refine and complete artistic work;1-2.T.Cr.03;Make connections between personal experience and a musical work. 
 1-2;Theatre;Select, analyze and interpret artistic work for presentation;1-2.T.P.04; Identify different genres and styles of music (e.g., folk songs, lullaby, jazz, reggae).
 1-2;Theatre;Develop and refine artistic techniques and work for presentation;1-2.T.P.05;
 1-2;Theatre;Convey meaning through the presentation of artistic work;1-2.T.P.06;
 1-2;Theatre;Perceive and analyze artistic work;1-2.T.R.07;a. Propose ideas for costumes, props, and scenery in a guided drama experience.
 1-2;Theatre;Interpret intent and meaning in artistic work;1-2.T.R.08;b. Contribute to the development of a sequential plot.
 1-2;Theatre;Apply criteria to evaluate artistic work;1-2.T.R.09;
 1-2;Theatre;Synthesize and relate knowledge and personal experiences to make art;1-2.T.Co.10;a. Build on others' ideas in dramatic play or a guided drama experience. (1-2.T.Cr.02.a)
 1-2;Theatre;Relate artistic ideas and works to societal, cultural and historical contexts to deepen understanding;1-2.T.Co.11;b. Creates props, costumes, or sets based on a plan (e.g., students place sheets over chairs to create a forest).
 1-2;Visual Arts ;Generate and conceptualize artistic ideas and work;1-2.V.Cr.01;
 1-2;Visual Arts ;Organize and develop artistic ideas and work;1-2.V.Cr.02;a. Propose new details to existing character, plot, and story in a guided drama experience. (1-2.T.Cr.03.a)
 1-2;Visual Arts ;Refine and complete artistic work;1-2.V.Cr.03;b. Develop voices and body movements consistent with the character.
 1-2;Visual Arts ;Select, analyze and interpret artistic work for presentation;1-2.P.04 ;Identify characters and settings in a specific theatrical work (e.g., the characters are the wolf and the three pigs, the setting is a Chinese village). 
 1-2;Visual Arts ;Develop and refine artistic techniques and work for presentation;1-2.P.05;Contribute to the adaptation of dialogue and plot in a guided drama experience. 
 1-2;Visual Arts ;Convey meaning through the presentation of artistic work;1-2.P.06; Portray a character based on an existing plan (e.g., script, improvisation structure). 
 1-2;Visual Arts ;Perceive and analyze artistic work;1-2.V.R.07;With support, identify the basic elements of theatre (including, character, plot). 
 1-2;Visual Arts ;Interpret intent and meaning in artistic work;1-2.V.R.08;"Share observations regarding a theatrical work (e.g., ""I noticed that the set looked like a city street"")."
 1-2;Visual Arts ;Apply criteria to evaluate artistic work;1-2.V.R.09;Demonstrate active observation as an audience member (e.g., noticing details, making connections).
 1-2;Visual Arts ;Synthesize and relate knowledge and personal experiences to make art;1-2.V.Co.10;Make connections between personal experience and a character's actions or emotions. 
 1-2;Visual Arts ;Relate artistic ideas and works to societal, cultural and historical contexts to deepen understanding;1-2.V.Co.11;Identify different sources of theatrical works (e.g., folk and fairy talks, everyday life). 
 3-4;Dance Standards;Generate and conceptualize artistic ideas and work;3-4.Cr.D.01;Use a wide variety of two- and three-dimensional media that communicates a teacher directed idea after looking at images made by artists who use similar materials.
 3-4;Dance Standards;Organize and develop artistic ideas and work;3-4.Cr.D.02;Focus on and pursue a process or idea to completion by setting up, maintaining, and cleaning up a suitable workspace for a wide variety of art materials and tools. 
 3-4;Dance Standards;Refine and complete artistic work;3-4.Cr.D.03; Use different tools to experiment with artistic elements (e.g. using found objects to create texture). 
 3-4;Dance Standards;Select, analyze and interpret artistic work for presentation;3-4.D.P.04;Explain more than one purpose for presenting art (e.g., building a portfolio, curating an exhibit in a museum, producing an advertisement campaign). 
 3-4;Dance Standards;Develop and refine artistic techniques and work for presentation;3-4.D.P.05;Organize artwork with artistic intent (e.g. by theme, concept, or other organizational principle). 
 3-4;Dance Standards;Convey meaning through the presentation of artistic work;3-4.D.P.06;Identify one's best work or one's favorite work for sharing and explain the choice.
 3-4;Dance Standards;Perceive and analyze artistic work;3-4.D.R.07;With support, identify the basic elements within an artwork (including, color, line, shape).
 3-4;Dance Standards;Interpret intent and meaning in artistic work;3-4.D.R.08; Categorize artwork by subject matter and mood. 
 3-4;Dance Standards;Apply criteria to evaluate artistic work;3-4.D.R.09;Set a criterion for judging a work (e.g., it is detailed, it has bright colors). 
 3-4;Dance Standards;Synthesize and relate knowledge and personal experiences to make art;3-4.D.Co.10;Make connections between personal experience and an artwork to use as inspiration for their work. 
 3-4;Dance Standards;Relate artistic ideas and works to societal, cultural and historical contexts to deepen understanding;3-4.D.Co.11;Identify different types of artwork (e.g., paintings, sculpture, performance, fiber) within their community and other places they have encountered.
 3-4;Media Arts ;Generate and conceptualize artistic ideas and work;3-4.MA.Cr.01;Improvise movement ideas that explore space (e.g., levels, shapes, directions, pathways) and time (e.g., fast and slow) as elements of dance. 
 3-4;Media Arts ;Organize and develop artistic ideas and work;3-4.MA.Cr.02;"Create a dance phrase with a beginning, middle, and end; be able to repeat it. "
 3-4;Media Arts ;Refine and complete artistic work;3-4.MA.Cr.03;Respond to a movement challenge and hypothesize possible solutions (e.g. how to complete entrances and exits in a given space). 
 3-4;Media Arts ;Select, analyze and interpret artistic work for presentation;3-4.MA.P.04; Demonstrate accuracy in memorizing and reproducing movement phrases. 
 3-4;Media Arts ;Develop and refine artistic techniques and work for presentation;3-4.MA.P.05;Identify strategies to improve strength, flexibility, endurance, balance, and coordination. 
 3-4;Media Arts ;Convey meaning through the presentation of artistic work;3-4.MA.P.06;Move expressively to a musical beat and responding to changes in tempo.
 3-4;Media Arts ;Perceive and analyze artistic work;3-4.MA.R.07;Analyze how different movement elements (e.g. space, time, effort) contribute to the meaning of a dance. 
 3-4;Media Arts ;Interpret intent and meaning in artistic work;3-4.MA.R.08;Explain the relationship between culture, venue, and audience behavior (e.g., street performance, formal presentation). 
 3-4;Media Arts ;Apply criteria to evaluate artistic work;3-4.MA.R.09;Identify how the basic technical elements of dance (e.g., lighting, sound) can be used to support the artist's purpose. 
 3-4;Media Arts ;Synthesize and relate knowledge and personal experiences to make art;3-4.MA.Co.10;Distinguish one?s own preferences in dance from those of others (e.g., peers, friends or family).
 3-4;Media Arts ;Relate artistic ideas and works to societal, cultural and historical contexts to deepen understanding;3-4.MA.Co.11;Describe ways dance performance is different from other forms of movement used in sports and everyday gestures. (i.e., identify the role of artistic intent).
 3-4;Music;Generate and conceptualize artistic ideas and work;3-4.M.Cr.01;Generate media arts ideas that utilize moving imagery and interactivity. 
 3-4;Music;Organize and develop artistic ideas and work;3-4.M.Cr.02;Organize and plan an idea using a teacher-selected strategy (e.g., sketching, brainstorming, simplified story boarding, flow charts, or modeling). 
 3-4;Music;Refine and complete artistic work;3-4.M.Cr.03; Respond to artistic challenges and hypothesize possible outcomes (e.g., How can moving images be used to teach others about endangered species?). 
 3-4;Music;Select, analyze and interpret artistic work for presentation;3-4.M.P.04;Explain the process used when making personal art, including documenting the early stages of the creative process using a variety of methods. 
 3-4;Music;Develop and refine artistic techniques and work for presentation;3-4.M.P.05;Refine a specific technique to produce a media artwork (e.g., creating realistic interactive object like a basketball). 
 3-4;Music;Convey meaning through the presentation of artistic work;3-4.M.P.06;Create a work that expresses, evokes, or communicates a directed idea (e.g., students create a work that delivers a message to a specified audience). 
 3-4;Music;Perceive and analyze artistic work;3-4.M.R.07;Analyze how aesthetic principles impact the effect and purpose of media artworks. 
 3-4;Music;Interpret intent and meaning in artistic work;3-4.M.R.08;Explain how a piece of artwork can identify multiple perspectives and diverse community ideas and can help connect oneself to a community or culture. 
 3-4;Music;Apply criteria to evaluate artistic work;3-4.M.R.09; Identify how the basic technical elements of media artwork (e.g., moving image, sound, interactivity) can be used to support the artist's purpose. 
 3-4;Music;Synthesize and relate knowledge and personal experiences to make art;3-4.M.Co.01;Distinguish personal preferences in media arts from those of others (e.g., friends, family, teachers). 
 3-4;Music;Relate artistic ideas and works to societal, cultural and historical contexts to deepen understanding;3-4.M.Co.02;Describe ways media arts can be used to express ideas in unique ways. 
 3-4;Theatre;Generate and conceptualize artistic ideas and work;3-4.T.Cr.01;Sing or play original musical ideas that explore more complex rhythmic and melodic concepts (including, syncopation, three-four time signature, and minor keys). 
 3-4;Theatre;Organize and develop artistic ideas and work;3-4.T.Cr.02;"Organize original musical ideas with clear beginnings, middles, and endings; using simple binary or ternary forms. "
 3-4;Theatre;Refine and complete artistic work;3-4.T.Cr.03;Respond to a musical challenge and hypothesize possible solutions. 
 3-4;Theatre;Select, analyze and interpret artistic work for presentation;3-4.T.P.04;Individually read moderately complicated rhythms and melodies (e.g., melodies with alternating eighth notes, quarter notes and half notes, pentatonic and diatonic tonalities) in standard notation in treble clef.
 3-4;Theatre;Develop and refine artistic techniques and work for presentation;3-4.T.P.05;Sing and play musical canons, rounds, and music in at least two parts. 
 3-4;Theatre;Convey meaning through the presentation of artistic work;3-4.T.P.06;Sing and play in groups responding appropriately to cues of a conductor. 
 3-4;Theatre;Perceive and analyze artistic work;3-4.T.R.07;Analyze how expressive qualities (e.g. tempo, dynamics, timbre) are used to demonstrate a composer?s musical intent. 
 3-4;Theatre;Interpret intent and meaning in artistic work;3-4.T.R.08;Explain the relationship between culture, venue, and audience behavior (e.g., street performance, symphony). 
 3-4;Theatre;Apply criteria to evaluate artistic work;3-4.T.R.09;Identify how the elements of music (e.g., tempo, dynamics, rhythm, melody, harmony) can be used to support the artist's purpose. 
 3-4;Theatre;Synthesize and relate knowledge and personal experiences to make art;3-4.T.Co.10; Distinguish one?s own preferences in music from those of others (e.g., friends or family).
 3-4;Theatre;Relate artistic ideas and works to societal, cultural and historical contexts to deepen understanding;3-4.T.Co.11;Describe ways music is different from other forms of everyday sounds. (i.e. what is the role of artistic intent). 
 3-4;Visual Arts ;Generate and conceptualize artistic ideas and work;3-4.V.Cr.01;Create and articulate sensory details of imagined worlds and improvised stories. 
 3-4;Visual Arts ;Organize and develop artistic ideas and work;3-4.V.Cr.02;"Record theatrical ideas for future use (e.g., writing a script with a clear beginning, middle, and end; describing details of settings or characters? costumes)."
 3-4;Visual Arts ;Refine and complete artistic work;3-4.V.Cr.03;Respond to a theatrical challenge and hypothesize possible solutions.
 3-4;Visual Arts ;Select, analyze and interpret artistic work for presentation;3-4.V.P.04;Explain how choices about technical elements (e.g. lighting, sound) in theatrical work support the director's purpose. 
 3-4;Visual Arts ;Develop and refine artistic techniques and work for presentation;3-4.V.P.05;Demonstrate the use of technical elements to support a theme or idea in a theatrical work. 
 3-4;Visual Arts ;Convey meaning through the presentation of artistic work;3-4.V.P.06;Perform scenes aligned with a teacher directed mood. (e.g., students improvise scenes in the mood of different adverbs, e.g., excitedly, fearfully, happily). 
 3-4;Visual Arts ;Perceive and analyze artistic work;3-4.V.R.07;Analyze how essential events in a story make up the dramatic structure of a theatrical work. 
 3-4;Visual Arts ;Interpret intent and meaning in artistic work;3-4.V.R.08;Explain how a theatrical work can help identify multiple perspectives and diverse community ideas, and can help connect to a community or culture.
 3-4;Visual Arts ;Apply criteria to evaluate artistic work;3-4.V.R.09;
 3-4;Visual Arts ;Synthesize and relate knowledge and personal experiences to make art;3-4.V.Co.10;a. Identify how the basic technical elements of theatre (e.g., lighting, sound) are used to support the artist's purpose.
 3-4;Visual Arts ;Relate artistic ideas and works to societal, cultural and historical contexts to deepen understanding;3-4.V.Co.11;b. Identify the basic elements of theatre (e.g., character, plot). 
 5-6;Dance Standards;Generate and conceptualize artistic ideas and work;5-6.D.Cr.01;Distinguish one?s own preferences in theatre from those of others (e.g., friends or family).
 5-6;Dance Standards;Organize and develop artistic ideas and work;5-6.D.Cr.02;Describe ways theatre is different from everyday life. (i.e., what the role of artistic intent is in theatre). 
 5-6;Dance Standards;Refine and complete artistic work;5-6.D.Cr.03; Develop ideas that explore different art elements (e.g., line, shape, color) using a wide variety of materials.
 5-6;Dance Standards;Select, analyze and interpret artistic work for presentation;5-6.D.P.04;Use a teacher selected strategy (e.g., sketches, prototypes, rough drafts) to organize artistic ideas. 
 5-6;Dance Standards;Develop and refine artistic techniques and work for presentation;5-6.D.P.05; Respond to an artistic challenge and draft possible resolutions. 
 5-6;Dance Standards;Convey meaning through the presentation of artistic work;5-6.D.P.06; Document the early stages of the creative process using a variety of methods and sort into assorted categories (early curation). 
 5-6;Dance Standards;Perceive and analyze artistic work;5-6.D.R.07;Refine a specific technique to produce a desired effect (e.g., creating realistic shading).
 5-6;Dance Standards;Interpret intent and meaning in artistic work;5-6.D.R.08;Share a work that expresses, evokes, or communicates a selected idea (e.g., students are asked to create a sculpture that expresses two opposing emotions, such as happiness and sadness). 
 5-6;Dance Standards;Apply criteria to evaluate artistic work;5-6.D.R.09;Analyze how aesthetic elements (e.g., color, form, line, shape, texture) are used to demonstrate intent. 
 5-6;Dance Standards;Synthesize and relate knowledge and personal experiences to make art;5-6.D.Co.10;Describe contrasting interpretations of an artwork to identify multiple perspectives and diverse community ideas. 
 5-6;Dance Standards;Relate artistic ideas and works to societal, cultural and historical contexts to deepen understanding;5-6.D.Co.11;Develop criteria for evaluating how skillfully or expressively an artist uses the basic elements of art (e.g., color, line, shape). 
 5-6;Media Arts ;Generate and conceptualize artistic ideas and work;5-6.MA.Cr.01;Distinguish one?s own preferences in art from those of others (e.g., friends or family).
 5-6;Media Arts ;Organize and develop artistic ideas and work;5-6.MA.Cr.02;Describe ways art is different from other objects in everyday life and why that matters. (e.g., what the role of artistic intent is in visual arts).
 5-6;Media Arts ;Refine and complete artistic work;5-6.MA.Cr.03;Generate interdisciplinary ideas that explore space (including direct and indirect), and time (including sudden and sustained) and force (including strong and light) as elements of dance. 
 5-6;Media Arts ;Select, analyze and interpret artistic work for presentation;5-6.MA.P.04;
 5-6;Media Arts ;Develop and refine artistic techniques and work for presentation;5-6.MA.P.05;a. Organize choreographed phrases using compositional forms (e.g., AB, ABA, canon, rondo, retrograde, theme-variations).
 5-6;Media Arts ;Convey meaning through the presentation of artistic work;5-6.MA.P.06;b. Record movements and choreography using proper dance terminology. 
 5-6;Media Arts ;Perceive and analyze artistic work;5-6.MA.R.07;
 5-6;Media Arts ;Interpret intent and meaning in artistic work;5-6.MA.R.08;a. Refine a dance phrase by making changes in space, time, and energy/force. (5-6.D.Cr.03.a)
 5-6;Media Arts ;Apply criteria to evaluate artistic work;5-6.MA.R.09;b. Create sequences of movement that demonstrate various technical elements such as unison, contrast, repetition, and climax.
 5-6;Media Arts ;Synthesize and relate knowledge and personal experiences to make art;5-6.MA.Co.10;Develop an artistic statement that explains their movement choices. 
 5-6;Media Arts ;Relate artistic ideas and works to societal, cultural and historical contexts to deepen understanding;5-6.MA.Co.11;Demonstrate understanding of flexibility, alignment, initiation of movement, weight shift, and balance. 
 5-6;Music;Generate and conceptualize artistic ideas and work;5-6.M.Cr.01;Formally present a short movement work to an audience. 
 5-6;Music;Organize and develop artistic ideas and work;5-6.M.Cr.02;Analyze how a movement work's form (e.g., ternary (ABA), rondo) supports the choreographer's intention.
 5-6;Music;Refine and complete artistic work;5-6.M.Cr.03;Use specific vocabulary to identify details about a movement work.
 5-6;Music;Select, analyze and interpret artistic work for presentation;5-6.M.P.04;Apply a rubric to evaluate a dance work (e.g., a rubric that includes skills of performers, originality of movement, visual and/or emotional impact, variety, contrast and appropriateness of the artistic elements).
 5-6;Music;Develop and refine artistic techniques and work for presentation;5-6.M.P.05;Describe and demonstrate personal artistic style and how to use it to maintain a positive body image (e.g., mindfulness, injury-prevention). 
 5-6;Music;Convey meaning through the presentation of artistic work;5-6.M.P.06;Identify influential works of dance from different periods and how they impact current dance forms. 
 5-6;Music;Perceive and analyze artistic work;5-6.M.R.07;Generate integrative approaches to produce content for different audiences. 
 5-6;Music;Interpret intent and meaning in artistic work;5-6.M.R.08;Organize and plan an idea using a variety of self-selected strategies (e.g., storyboards, flowcharts, or prototypes).
 5-6;Music;Apply criteria to evaluate artistic work;5-6.M.R.09;Refine a media arts idea by making changes in how images, interactivity, or sound are used. 
 5-6;Music;Synthesize and relate knowledge and personal experiences to make art;5-6.M.Co.10;Select, analyze and interpret artistic work for presentation. Explain artistic choices by developing an artist statement.
 5-6;Music;Relate artistic ideas and works to societal, cultural and historical contexts to deepen understanding;5-6.M.Co.11;Develop a visual plan for displaying a media artwork, analyzing where viewers will interact with the work and other needs of the viewer. 
 5-6;Theatre;Generate and conceptualize artistic ideas and work;5-6.T.Cr.01;Formally present a media artwork piece that makes connections to other disciplines.
 5-6;Theatre;Organize and develop artistic ideas and work;5-6.T.Cr.02;Analyze how an artwork's form supports the artist's intention. 
 5-6;Theatre;Refine and complete artistic work;5-6.T.Cr.03;Use specific vocabulary to identify details about a media arts work. 
 5-6;Theatre;Select, analyze and interpret artistic work for presentation;5-6.T.P.04; Apply a rubric to evaluate a media piece. 
 5-6;Theatre;Develop and refine artistic techniques and work for presentation;5-6.T.P.05;Describe and demonstrate one?s own artistic style, and preferences in media arts. 
 5-6;Theatre;Convey meaning through the presentation of artistic work;5-6.T.P.06;Identify influential media works and how they impacted media arts. 
 5-6;Theatre;Perceive and analyze artistic work;5-6.T.R.07;Generate interdisciplinary musical ideas using a variety of non-traditional sound sources (e.g., found sounds, digital technology, unusual voices). 
 5-6;Theatre;Interpret intent and meaning in artistic work;5-6.T.R.08;
 5-6;Theatre;Apply criteria to evaluate artistic work;5-6.T.R.09;a. Document original simple melodic ideas with standard notation.
 5-6;Theatre;Synthesize and relate knowledge and personal experiences to make art;5-6.T.Co.10;b. Organize musical ideas using expanded forms such as rondo and theme and variations. 
 5-6;Theatre;Relate artistic ideas and works to societal, cultural and historical;5-6.T.Co.11;ÿImprovise and compare different versions of a single musical idea (e.g., adding flourishes, altering rhythms).
 5-6;Visual Arts ;Generate and conceptualize artistic ideas and work;5-6.V.Cr.01; Identify standard notation symbols and musical terms referring to dynamics, tempo, articulations, meter, and expression and apply them when performing.
 5-6;Visual Arts ;Organize and develop artistic ideas and work;5-6.V.Cr.02;
 5-6;Visual Arts ;Refine and complete artistic work;5-6.V.Cr.03;a. Sing and play music written in 3 parts using appropriate technique.
 5-6;Visual Arts ;Select, analyze and interpret artistic work for presentation;5-6.V.P.04;b. Develop awareness of where the natural break in one?s singing range is located and how to cross the break and even out the voice in this range.
 5-6;Visual Arts ;Develop and refine artistic techniques and work for presentation;5-6.V.P.05;Sing and play in groups responding to cues from a conductor exhibiting stylistic elements. 
 5-6;Visual Arts ;Convey meaning through the presentation of artistic work;5-6.V.P.06;Analyze how an artwork's form (e.g., use of repetition, contrasting patterns, phrases, and themes) supports the composer's intention. 
 5-6;Visual Arts ;Perceive and analyze artistic work;5-6.V.R.07; Use specific vocabulary to identify details about a musical work. 
 5-6;Visual Arts ;Interpret intent and meaning in artistic work;5-6.V.R.08; Apply a rubric to evaluate a musical work (e.g. a rubric that includes accuracy, sound quality, and expressiveness). 
 5-6;Visual Arts ;Apply criteria to evaluate artistic work;5-6.V.R.09; Describe and demonstrate one?s personal musical style and preferences. 
 5-6;Visual Arts ;Synthesize and relate knowledge and personal experiences to make art;5-6.V.Co.10;Identify influential music from different periods and how they impacted music at the time and potentially today. 
 5-6;Visual Arts ;Relate artistic ideas and works to societal, cultural and historical;5-6.V.Co.11; Generate interdisciplinary design ideas that support
 7-8;Dance Standards;Generate and conceptualize artistic ideas and work;7-8.D.Cr.01;the story and given circumstances in a theatrical work.
 7-8;Dance Standards;Organize and develop artistic ideas and work;7-8.D.Cr.02; Develop essential events that make up the dramatic
 7-8;Dance Standards;Refine and complete artistic work;7-8.D.Cr.03;structure in an improvised or scripted theatrical work.
 7-8;Dance Standards;Select, analyze and interpret artistic work for presentation;7-8.D.Cr04;
 7-8;Dance Standards;Develop and refine artistic techniques and work for presentation;7-8.D.Cr05;
 7-8;Dance Standards;Convey meaning through the presentation of artistic work;7-8.D.Cr06;
 7-8;Dance Standards;Perceive and analyze artistic work;7-8.D.R.07;a) Articulate how characters might move, speak,
 7-8;Dance Standards;Interpret intent and meaning in artistic work;7-8.D.R.08;and react to support a theatrical work.
 7-8;Dance Standards;Apply criteria to evaluate artistic work;7-8.D.R.09;b)
 7-8;Dance Standards;Synthesize and relate knowledge and personal experiences to make art;7-8.D.Co.10;Capture character dialogue and sensory details
 7-8;Dance Standards;Relate artistic ideas and works to societal, cultural and historical contexts to deepen understanding;7-8.D.Co.11;of imagined worlds and improvised stories in a script for a theatrical work.
 7-8;Media Arts ;Generate and conceptualize artistic ideas and work;7-8.MA.Cr.01;. Explain character and design choices by developing
 7-8;Media Arts ;Organize and develop artistic ideas and work;7-8.MA.Cr.02;an artist?s statement.
 7-8;Media Arts ;Refine and complete artistic work;7-8.MA.Cr.03;. Develop
 7-8;Media Arts ;Select, analyze and interpret artistic work for presentation;7-8.MA.P.04;effective physical and vocal traits of characters in an improvised or scripted
 7-8;Media Arts ;Develop and refine artistic techniques and work for presentation;7-8.MA.P.05;theatrical work (e.g., altering voice, gestures, or posture).
 7-8;Media Arts ;Convey meaning through the presentation of artistic work;7-8.MA.P.06;. Contribute to the performance of a short theatrical
 7-8;Media Arts ;Perceive and analyze artistic work;7-8.MA.R.07;work with an audience (e.g., acting, writing or supporting a technical element)
 7-8;Media Arts ;Interpret intent and meaning in artistic work;7-8.MA.R.08;that makes connections to other disciplines.
 7-8;Media Arts ;Apply criteria to evaluate artistic work;7-8.MA.R.09;. Analyze how the structure
 7-8;Media Arts ;Synthesize and relate knowledge and personal experiences to make art;7-8.MA.R.10;of a theatrical work supports the artist's intent (e.g., using three similar
 7-8;Media Arts ;Relate artistic ideas and works to societal, cultural and historical contexts to deepen understanding;7-8.MA.R.11;repeating events).
 7-8;Music;Generate and conceptualize artistic ideas and work;7-8.M.Cr.01; Use
 7-8;Music;Organize and develop artistic ideas and work;7-8.M.Cr.02;domain-specific vocabulary to identify details about a play or theatre work.
 7-8;Music;Refine and complete artistic work;7-8.M.Cr.03;. Apply a rubric to evaluate a theatrical scene.
 7-8;Music;Select, analyze and interpret artistic work for presentation;7-8.M.P.04;. Describe and demonstrate one?s own theatrical
 7-8;Music;Develop and refine artistic techniques and work for presentation;7-8.M.P.05;style and preferences.
 7-8;Music;Convey meaning through the presentation of artistic work;7-8.M.P.06;ÿÿ HSS
 7-8;Music;Perceive and analyze artistic work;7-8.M.R.07;Connection: Students develop their own spoken word scripts about the history of
 7-8;Music;Interpret intent and meaning in artistic work;7-8.M.R.08;the 20th century Civil Rights movement. 
 7-8;Music;Apply criteria to evaluate artistic work;7-8.M.R.09;. Identify influential theatrical works from
 7-8;Music;Synthesize and relate knowledge and personal experiences to make art;7-8.M.Co.01;different periods and how they affected theatre.
 7-8;Music;Relate artistic ideas and works to societal, cultural and historical contexts to deepen understanding;7-8.M.Co.02;. Generate
 7-8;Theatre;Generate and conceptualize artistic ideas and work;7-8.T.Cr.01;artworks that integrate ideas with new materials, methods, and approaches.ÿMedia Arts Connection: Students sketch out a script
 7-8;Theatre;2;7-8.T.Cr.02;for a stop-motion animation then paint a landscape as a backdrop in the film.
 7-8;Theatre;Refine and complete artistic work;7-8.T.Cr.03;(5-6.MA.P.06)
 7-8;Theatre;Select, analyze and interpret artistic work for presentation;7-8.T.P.04;. Organize and plan an idea using a variety of
 7-8;Theatre;Develop and refine artistic techniques and work for presentation;7-8.T.P.05;self-selected strategies (e.g., sketches, prototypes, rough drafts).
 7-8;Theatre;Convey meaning through the presentation of artistic work;7-8.T.P.06;
 7-8;Theatre;Perceive and analyze artistic work;7-8.T.R.07;a. Refine an artistic work by making changes to specific
 7-8;Theatre;Interpret intent and meaning in artistic work;7-8.T.R.08;elements, such as color, form, or space. b. Investigate and invent new techniques and approaches
 7-8;Theatre;Apply criteria to evaluate artistic work;7-8.T.R.09;using two- and three-dimensional materials.
 7-8;Theatre;Synthesize and relate knowledge and personal experiences to make art;7-8.T.Co.10;. Develop a title and artist statement that explain
 7-8;Theatre;Relate artistic ideas and works to societal, cultural and historical contexts to deepen understanding;7-8.T.Co.11;important information about a personal artwork.
 7-8;Visual Arts ;Generate and conceptualize artistic ideas and work;7-8.V.Cr.01;. Develop
 7-8;Visual Arts ;Organize and develop artistic ideas and work;7-8.V.Cr.02;a visual plan for displaying works of art and the layout of the exhibit.
 7-8;Visual Arts ;Refine and complete artistic work;7-8.V.Cr.03;. Formally present a piece of artwork (i.e.,
 7-8;Visual Arts ;Select, analyze and interpret artistic work for presentation;7-8.V.P.04;personally speak about the artwork, as opposed to just having the work displayed)
 7-8;Visual Arts ;Develop and refine artistic techniques and work for presentation;7-8.V.P.05;that makes connections to other disciplines.
 7-8;Visual Arts ;Convey meaning through the presentation of artistic work;7-8.V.P.06;
 7-8;Visual Arts ;Perceive and analyze artistic work;7-8.V.R.07;. Analyze how an artwork's form
 7-8;Visual Arts ;Interpret intent and meaning in artistic work;7-8.V.R.08;(e.g., portrait, sculpture, installation, textile art) compares and contrasts
 7-8;Visual Arts ; Develop criteria for evaluating a collection of artworks (e;7-8.V.R.09;with others of the same type or period.
 7-8;Visual Arts ;Synthesize and relate knowledge and personal experiences to make art;7-8.V.R.10;
 7-8;Visual Arts ; Identify visual ideas from a variety of cultures connected to different historical populations;7-8.V.R.11;HSS
 9-12;Foundations Course Dance ;Generate and conceptualize artistic ideas and work;F.D.Cr.01;Connection: Students study the quilts of enslaved African Americans, discuss
 9-12;Foundations Course Dance ;Organize and develop artistic ideas and work;F.D.Cr.02;their possible use for communication in the Underground Railroad and compare
 9-12;Foundations Course Dance ;Refine and complete artistic work;F.D.Cr.03;them to other 19th century American quilts. (HSS.5.T1.07)
 9-12;Foundations Course Dance ;Select, analyze and interpret artistic work for presentation;F.D.P.04;. Use
 9-12;Foundations Course Dance ;Develop and refine artistic techniques and work for presentation;F.D.P.05;domain-specific vocabulary to identify details about an artistic work.
 9-12;Foundations Course Dance ;Convey meaning through the presentation of artistic work;F.D.P.06;. Evaluate a piece of artwork based on a predetermined
 9-12;Foundations Course Dance ;Perceive and analyze artistic work;F.D.R.07;list of criteria.
 9-12;Foundations Course Dance ;Interpret intent and meaning in artistic work;F.D.R.08;. Describe and demonstrate personal artistic
 9-12;Foundations Course Dance ;Apply criteria to evaluate artistic work;F.D.R.09;style and preferences.
 9-12;Foundations Course Dance ;Synthesize and relate knowledge and personal experiences to make art;F.D.Co.10;. Identify influential works of art from
 9-12;Foundations Course Dance ;Relate artistic ideas and works to societal, cultural and historical contexts to deepen understanding;F.D.Co.11;different periods and their impact on the artistic world.
 9-12;Foundations Course Dance ;Generate and conceptualize artistic ideas and work;P.D.Cr.01;Create movement ideas that combine multiple varied artistic elements (e.g., explores how level and shapes interact with space and force). 
 9-12;Foundations Course Dance ;Organize and develop artistic ideas and work;P.D.Cr.02;Use the basics of one type of dance notation to document an original movement idea (e.g., Laban and Benesh).
 9-12;Foundations Course Dance ;Refine and complete artistic work;P.D.Cr.03; Apply strategies to overcome creative blocks. 
 9-12;Proficient Course Dance Standards;Select, analyze and interpret artistic work for presentation;P.D.P.04;Envision and describe a character's inner thoughts and objectives in a dance work. 
 9-12;Proficient Course Dance Standards;Develop and refine artistic techniques and work for presentation;P.D.P.05;Demonstrate more complex technical dance skills (e.g. utilize weight shift and balance to support elevations and landing with partners). 
 9-12;Proficient Course Dance Standards;Convey meaning through the presentation of artistic work;P.D.P.06;Match a dance performance with expressed intent (e.g., wanting the audience to identify with an emotion). 
 9-12;Proficient Course Dance Standards;Perceive and analyze artistic work;P.D.R.07;Analyze how cultures are reflected in a diverse range of dance works.
 9-12;Proficient Course Dance Standards;Interpret intent and meaning in artistic work;P.D.R.08;Explain how a dance is connected to the particular cultural, historical context where and when it was created. 
 9-12;Proficient Course Dance Standards;Apply criteria to evaluate artistic work;P.D.R.09; Develop criteria for evaluating a dance work (e.g., students create criteria for a performance that is juried by students). 
 9-12;Proficient Course Dance Standards;Synthesize and relate knowledge and personal experiences to make art;P.D.Co.10;Describe and demonstrate influences of their personal dance style and preferences.
 9-12;Proficient Course Dance Standards;Relate artistic ideas and works to societal, cultural and historical contexts to deepen understanding;P.D.Co.11;Identify dance ideas from different cultures connected to different historical populations.
 9-12;Advanced Course Dance Standards ;Generate and conceptualize artistic ideas and work;A.D.Cr.01;Generate media arts ideas that integrate multiple images, sound and interactivity in a variety of ways.
 9-12;Advanced Course Dance Standards ;Organize and develop artistic ideas and work;A.D.Cr.02;Develop artistic plans that are clear enough for others to implement those ideas.
 9-12;Advanced Course Dance Standards ;Refine and complete artistic work;A.D.Cr.03;Apply strategies to overcome creative blocks. 
 9-12;Advanced Course Dance Standards ;Select, analyze and interpret artistic work for presentation;A.D.P.04; Prepare a theme-based exhibition. 
 9-12;Advanced Course Dance Standards ; Develop and refine artistic techniques and work for presentation;A.D.P.05; Utilize different approaches to share media work. 
 9-12;Advanced Course Dance Standards ; Convey meaning through the presentation of artistic work;A.D.P.06;Match a media work with expressed intent (e.g. wanting the audience to feel tension between two positions). 
 9-12;Advanced Course Dance Standards ; Perceive and analyze artistic work;A.D.R.07;Analyze how culture is reflected in a diverse range of media works. 
 9-12;Advanced Course Dance Standards ; Interpret intent and meaning in artistic work;A.D.R.08;Explain how a media artwork is connected to the particular cultural, historical context where it was created. 
 9-12;Advanced Course Dance Standards ; Apply criteria to evaluate artistic work;A.D.R.09;Develop criteria for evaluating a collection of media artwork (e.g., students create criteria for a media exhibition that is juried by students). 
 9-12;Advanced Course Dance Standards ; Synthesize and relate knowledge and personal experiences to make art;A.D.Co.10;Describe and demonstrate influences of personal artistic style and preferences in media arts. 
 9-12;Advanced Course Dance Standards ; Relate artistic ideas and works to societal, cultural and historical contexts to deepen understanding;A.D.Co.11; Explain and demonstrate how the media art are evolving in different cultures (e.g., how media arts are evolving differently in Korea versus the United States).
 9-12;Foundations Course Media Arts Standards ;Generate and conceptualize artistic ideas and work;F.MA.Cr.01; Compose musical ideas (e.g., rhythms, melodies, ostinato, and harmonies) using expanded forms (e.g., introductions, transitions, codas). 
 9-12;Foundations Course Media Arts Standards ;Organize and develop artistic ideas and work;F.MA.Cr.02;Document an original melody and simple accompaniment using standard notation (e.g., a melody and chords). 
 9-12;Foundations Course Media Arts Standards ; Refine and complete artistic work;F.MA.Cr.03;Refine draft arrangements to ensure consistency in notation (e.g., key signatures, notes, and rhythms are written correctly). 
 9-12;Foundations Course Media Arts Standards ;Select, analyze and interpret artistic work for presentation;F.MA.P.04;Identify basic strategies musicians use to practice and employ them in readying a musical work for performance. 
 9-12;Foundations Course Media Arts Standards ;Develop and refine artistic techniques and work for presentation;F.MA.P.05;" Perform with accuracy and expression a repertoire of vocal or instrumental literature with a level of difficulty of 1, on a scale of 1 to 6; or a comparable scale with at least four harmonic parts."
 9-12;Foundations Course Media Arts Standards ;Convey meaning through the presentation of artistic work;F.MA.P.06;Match a musical performance or composition with expressed intent (e.g., wanting the audience to feel a particular emotion). 
 9-12;Foundations Course Media Arts Standards ;Perceive and analyze artistic work;F.MA.R.07;Analyze how cultures are reflected in a diverse range of musical work. 
 9-12;Foundations Course Media Arts Standards ;Interpret intent and meaning in artistic work;F.MA.R.08;Explain how a musical work is connected to the particular cultural and historical context where it was created. 
 9-12;Foundations Course Media Arts Standards ;Apply criteria to evaluate artistic work;F.MA.R.09; Develop criteria for a rubric for evaluating musical works (e.g., students create criteria for a performance that is juried by students).
 9-12;Foundations Course Media Arts Standards ;Synthesize and relate knowledge and personal experiences to make art;F.MA.Co.10;Describe and demonstrate influences of one?s personal musical style and preferences. 
 9-12;Foundations Course Media Arts Standards ;Relate artistic ideas and works to societal, cultural and historical contexts to deepen understanding;F.MA.Co.11;Identify how musical ideas and traditions migrate with the people who originated them to affect other cultures, historical periods, and musical genres and styles (e.g., immigrant European folk music).
 9-12;Proficient Course Media Arts Standards ;Generate and conceptualize artistic ideas and work;P.MA.Cr.01;Generate contextual ideas for a character beyond what is given in the script (e.g., a character's backstory, attitudes, likes, and dislikes) and explain how these ideas connect to other elementsÿin the play (e.g., setting, plot).
 9-12;Proficient Course Media Arts Standards ;Organize and develop artistic ideas and work;P.MA.Cr.02;Utilize personal notes to support performing in roles with extensive verbal lines and performance directions. 
 9-12;Proficient Course Media Arts Standards ;Refine and complete artistic work;P.MA.Cr.03;
 9-12;Proficient Course Media Arts Standards ;Select, analyze and interpret artistic work for presentation;P.MA.P.04;a. Develop a scripted character by articulating and using the character's inner thoughts, objectives, and motivations in a theatrical work.
 9-12;Proficient Course Media Arts Standards ;Develop and refine artistic techniques and work for presentation;P.MA.P.05;b. Apply strategies to overcome creative blocks.
 9-12;Proficient Course Media Arts Standards ;Convey meaning through the presentation of artistic work;P.MA.P.06;Envision and describe a scripted character's inner thoughts and objectives related to the given circumstances in a theatrical work. 
 9-12;Proficient Course Media Arts Standards ;Perceive and analyze artistic work;P.MA.R.07;
 9-12;Proficient Course Media Arts Standards ;Interpret intent and meaning in artistic work;P.MA.R.08;a. Use various acting techniques to expand skills and develop character choices in a theatrical work.
 9-12;Proficient Course Media Arts Standards ;Apply criteria to evaluate artistic work;P.MA.R.09;b. Execute a variety of technical elements (e.g., scenic, lighting, props, costume, sound, and makeup) to create a design through rehearsal for a theatrical work.
 9-12;Proficient Course Media Arts Standards ;Synthesize and relate knowledge and personal experiences to make art;P.MA.Co.10;Match a theatre performance with expressed intent (e.g., wanting the audience to think about fairness). 
 9-12;Proficient Course Media Arts Standards ;Relate artistic ideas and works to societal, cultural and historical contexts to deepen understanding;P.MA.Co.11;Analyze elements of a work that are indicative of the historical or cultural context in which it was created. 
 9-12;Advanced Course Media Arts Standards ;Generate and conceptualize artistic ideas and work;A.MA.Cr.01;Explain how an artistic work was influenced by the culture and historical context in which it was created.  
 9-12;Advanced Course Media Arts Standards ;Organize and develop artistic ideas and work;A.MA.Cr.02;Develop criteria for evaluating a theatrical presentation (e.g., students create criteria for a performance juried by students).  
 9-12;Advanced Course Media Arts Standards ;Refine and complete artistic work;A.MA.Cr.03; Describe and demonstrate influences of their personal artistic style and preferences in theatre. 
 9-12;Advanced Course Media Arts Standards ;Select, analyze and interpret artistic work for presentation;A.MA.P.04;Identify multiple cross-cultural approaches to storytelling connected to different historical populations (e.g., ancient Greek city-states). 
 9-12;Advanced Course Media Arts Standards ;Develop and refine artistic techniques and work for presentation;A.MA.P.05;Generate artistic ideas that demonstrate differences in composition principles (e.g., balance, proportion, emphasis) and push the boundaries of what materials can do. 
 9-12;Advanced Course Media Arts Standards ;Convey meaning through the presentation of artistic work;A.MA.P.06;Develop clear artistic plans that others could implement. 
 9-12;Advanced Course Media Arts Standards ;Perceive and analyze artistic work;A.MA.R.07;Apply strategies to work through creative blocks. 
 9-12;Advanced Course Media Arts Standards ;Interpret intent and meaning in artistic work;A.MA.R.08;Curate a theme-based exhibition. 
 9-12;Advanced Course Media Arts Standards ;Apply criteria to evaluate artistic work;A.MA.R.09;Utilize different approaches to share artwork (e.g., digital portfolio, exhibit installation). 
 9-12;Advanced Course Media Arts Standards ;Synthesize and relate knowledge and personal experiences to make art;A.MA.Co.10;Match a piece of artwork with expressed intent (e.g., wanting the audience to feel tension between two positions).
 9-12;Advanced Course Media Arts Standards ;Relate artistic ideas and works to societal, cultural and historical contexts to deepen understanding;A.MA.Co.11;Analyze elements of a work that are indicative of the historical or cultural context in which it was created.
 9-12;Novice Solo and Ensemble Standards ;Generate and conceptualize artistic ideas and work;N.M.Cr.01;Explain how an artistic work was influenced by the culture or historical context in which it was created. 
 9-12;Novice Solo and Ensemble Standards ;Organize and develop artistic ideas and work;N.M.Cr.02; Develop criteria for evaluating a collection of artworks (e.g., students determine criteria for an exhibition juried by students). 
 9-12;Novice Solo and Ensemble Standards ;Refine and complete artistic work;N.M.Cr.03;Describe and demonstrate influences of personal artistic style and preferences in visual arts. 
 9-12;Novice Solo and Ensemble Standards ;Select, analyze and interpret artistic work for presentation;N.M.P.04; Identify visual ideas from a variety of cultures connected to different historical populations.
 9-12;Novice Solo and Ensemble Standards ;Develop and refine artistic techniques and work for presentation;N.M.P.05; Create dance that reflects characteristics of different artistic movements (e.g., Cubism, Romanticism, and Avant-garde).
 9-12;Novice Solo and Ensemble Standards ;Convey meaning through the presentation of artistic work;N.M.P.06;Use one type of dance notation to document an original dance.
 9-12;Novice Solo and Ensemble Standards ;Perceive and analyze artistic work;N.M.R.07; Use costumes and props to refine a dance to better express, evoke, or communicate with an audience. 
 9-12;Novice Solo and Ensemble Standards ;Interpret intent and meaning in artistic work;N.M.R.08; Identify historical sources that explain movement conventions.
 9-12;Novice Solo and Ensemble Standards ;Apply criteria to evaluate artistic work;N.M.R.09;Assess personal strengths and weaknesses in improvisation, strength, flexibility, endurance, balance, and coordination and implement plans to improve. 
 9-12;Novice Solo and Ensemble Standards ;Synthesize and relate knowledge and personal experiences to make art;N.M.Co.10;Describe how decisions about a performance are connected to what the student wants to express, evoke, or communicate. 
 9-12;Novice Solo and Ensemble Standards ;Relate artistic ideas and works to societal, cultural and historical contexts to deepen understanding;N.M.Co.11;Analyze the style of a choreographer and how that style manifests in a given movement work. 
 9-12;Foundations Solo and Ensemble Standards ;Generate and conceptualize artistic ideas and work;F.M.Cr.01; Identify elements from a dance work that connect it to a specific genre or style. 
 9-12;Foundations Solo and Ensemble Standards ;Organize and develop artistic ideas and work;F.M.Cr.02;Compare and contrast different rubrics or criteria for evaluating dance work. 
 9-12;Foundations Solo and Ensemble Standards ;Refine and complete artistic work;F.M.Cr.03;Describe what has influenced changes in one?s artistic style and preferences in dance. 
 9-12;Foundations Solo and Ensemble Standards ;Select, analyze and interpret artistic work for presentation;F.M.P.04; Identify the connections between historical and cultural context and defining stylistic elements of dance movements.
 9-12;Foundations Solo and Ensemble Standards ;Develop and refine artistic techniques and work for presentation;F.M.P.05;Consistently apply research to support development of artistic ideas (e.g., research different styles of Chinese fans to support designing a prop). 
 9-12;Foundations Solo and Ensemble Standards ;Convey meaning through the presentation of artistic work;F.M.P.06;Identify different strategies dancers use to generate and organize their movement ideas. 
 9-12;Foundations Solo and Ensemble Standards ;Perceive and analyze artistic work;F.M.R.07;Use historical and cultural context to refine personal movement choices.
 9-12;Foundations Solo and Ensemble Standards ;Interpret intent and meaning in artistic work;F.M.R.08;Demonstrate how choreographers use specific techniques to evoke, express, or communicate in a movement work. 
 9-12;Foundations Solo and Ensemble Standards ;Apply criteria to evaluate artistic work;F.M.R.09;Contribute to the production of a movement work (e.g., run a section of a rehearsal). 
 9-12;Foundations Solo and Ensemble Standards ;Synthesize and relate knowledge and personal experiences to make art;F.M.Co.10;Modify a dance performance to clarify its artistic intent by anticipating viewers? responses. 
 9-12;Foundations Solo and Ensemble Standards ;Relate artistic ideas and works to societal, cultural and historical contexts to deepen understanding;F.M.Co.11;Compare and contrast different movement works in use of theme, space, timing and rhythms, gestures and body language, properties (props), or costumes.
 9-12;Proficient Solo and Ensemble Standards ;Generate and conceptualize artistic ideas and work;P.M.Cr.01;Compare and contrast the artistic elements that make contemporary dance unique.
 9-12;Proficient Solo and Ensemble Standards ;Organize and develop artistic ideas and work;P.M.Cr.02;Choose and defend different criteria for evaluating dance work. 
 9-12;Proficient Solo and Ensemble Standards ;Refine and complete artistic work;P.M.Cr.03;Describe how dance influences their approach to other academic disciplines. 
 9-12;Proficient Solo and Ensemble Standards ;Select, analyze and interpret artistic work for presentation;P.M.P.04;Explain the relationship between dance and commercialization or propaganda (e.g., arguing whether or not a commercial depiction of hip-hop dance is authentic).
 9-12;Proficient Solo and Ensemble Standards ;Develop and refine artistic techniques and work for presentation;P.M.P.05;Generate original ideas that integrate aesthetic principles with personal style. 
 9-12;Proficient Solo and Ensemble Standards ;Convey meaning through the presentation of artistic work;P.M.P.06;Document strategies they use regularly to organize their artistic ideas (e.g., keeping a journal). 
 9-12;Proficient Solo and Ensemble Standards ;Perceive and analyze artistic work;P.M.R.07;Identify movement challenges and the advantages and disadvantages of different solutions.
 9-12;Proficient Solo and Ensemble Standards ;Interpret intent and meaning in artistic work;P.M.R.08;Perform with technical accuracy a piece that exhibits strength, balance, endurance, and coordination. 
 9-12;Proficient Solo and Ensemble Standards ;Apply criteria to evaluate artistic work;P.M.R.09;Organize and lead the production of a movement work (e.g., running rehearsals for a small group performance). 
 9-12;Proficient Solo and Ensemble Standards ;Synthesize and relate knowledge and personal experiences to make art;P.M.Co.10;Perform a dance work that causes audience reflection by performing technical skills with artistic expression, clarity, musicality, and stylistic nuance.
 9-12;Proficient Solo and Ensemble Standards ;Relate artistic ideas and works to societal, cultural and historical contexts to deepen understanding;P.M.Co.11;Identify ways a contemporary movement work pushes boundaries of the genre and discipline.
 9-12;Advanced Solo and Ensemble Standards ;Generate and conceptualize artistic ideas and work;ASE.M.Cr.01;Analyze the ways their own cultural and personal perspectives and bias impact how they understand a dance work. 
 9-12;Advanced Solo and Ensemble Standards ;Organize and develop artistic ideas and work;ASE.M.Cr.02;Identify how bias, culture, and privilege can impact the criteria we use to evaluate dance work. 
 9-12;Advanced Solo and Ensemble Standards ;Refine and complete artistic work;ASE.M.Cr.03; Explain the development of their aesthetic vision as a dancer and how it is represented in a movement piece. 
 9-12;Advanced Solo and Ensemble Standards ;Select, analyze and interpret artistic work for presentation;ASE.M.P.04;Identify the historical and cultural context that caused the shifting of stylistic elements between dance styles. 
 9-12;Advanced Solo and Ensemble Standards ;Develop and refine artistic techniques and work for presentation;ASE.M.P.05;Create media arts ideas that are characteristic of different media genres. 
 9-12;Advanced Solo and Ensemble Standards ;Convey meaning through the presentation of artistic work;ASE.M.P.06;Create multiple different plans for a work prior to selecting one to implement. 
 9-12;Advanced Solo and Ensemble Standards ;Perceive and analyze artistic work;ASE.M.07;Refine concepts and content by focusing on a specific element such as interactivity, temporality, or heterogeneity. 
 9-12;Advanced Solo and Ensemble Standards ;Interpret intent and meaning in artistic work;ASE.M.08;Justify choices for curating and presenting artwork for a specific exhibit or event (e.g., students complete a proposal for a juried show within the community.)
 9-12;Advanced Solo and Ensemble Standards ;Apply criteria to evaluate artistic work;ASE.M.09; Develop a proposal for an installation, artwork, or digital space that transforms the perception and experience of a particular place. 
 9-12;Advanced Solo and Ensemble Standards ;Synthesize and relate knowledge and personal experiences to make art;ASE.M.Co.10;Describe how decisions about how a media artwork is presented are connected to what the student wants to express, evoke, or communicate. 
 9-12;Advanced Solo and Ensemble Standards ;Relate artistic ideas and works to societal, cultural and historical contexts to deepen understanding;ASE.M.Co.11;Analyze the style of a media artist, and how the style manifests itself in a given media artwork.
 9-12;Advanced General Music Standards ;Generate and conceptualize artistic ideas and work;AG.M.Cr.01; Identify artistic elements from a work that connect it to a specific genre or style. 
 9-12;Advanced General Music Standards ;Organize and develop artistic ideas and work;AG.M.Cr.02;Compare and contrast different rubrics or criteria for evaluating media artwork.
 9-12;Advanced General Music Standards ;Refine and complete artistic work;AG.M.Cr.03; Describe what has influenced changes in one?s own artistic style and preferences in media arts. 
 9-12;Advanced General Music Standards ;Select, analyze and interpret artistic work for presentation;AG.M.P.04;Identify the connections between historical and cultural context and defining stylistic elements of multiple media artworks (e.g., shifting styles due to the birth of computer animation).
 9-12;Advanced General Music Standards ;Develop and refine artistic techniques and work for presentation;AG.M.P.05;Consistently apply research to support development of artistic ideas. (e.g., a student researches different ways media artists have used background sound to emphasize surprise). 
 9-12;Advanced General Music Standards ;Convey meaning through the presentation of artistic work;AG.M.P.06;Independently document an original multi-part media arts idea (e.g. wireframe, story board). 
 9-12;Advanced General Music Standards ;Perceive and analyze artistic work;HS.AG.M.R.07;Refine draft arrangements for different audiences. 
 9-12;Advanced General Music Standards ;Interpret intent and meaning in artistic work;HS.AG.M.R.08; Explain how one uses specific techniques to evoke, express, or communicate ideas in a media arts work or collection of such works. 
 9-12;Advanced General Music Standards ;Apply criteria to evaluate artistic work;HS.AG.M.R.09;Contribute a work that explores a personally meaningful theme, idea, or concept to a media arts show (e.g., select work to include, develop feedback on presentation ideas). 
 9-12;Advanced General Music Standards ;Synthesize and relate knowledge and personal experiences to make art;AG.M.Co.10;Modify a media artwork to clarify its artistic intent by anticipating viewers? responses. 
 9-12;Advanced General Music Standards ;Relate artistic ideas and works to societal, cultural and historical contexts to deepen understanding;AG.M.Co.11;Analyze the qualities and relationships of components in various media artworks and consider how they impact an audience. 
 9-12;Foundations Theatre Course Standards ;Generate and conceptualize artistic ideas and work;F.T.Cr.01;Compare and contrast the artistic elements that make media arts unique from other artistic disciplines. 
 9-12;Foundations Theatre Course Standards ;Organize and develop artistic ideas and work;F.T.Cr.02;Choose and defend different criteria for evaluating media artwork. 
 9-12;Foundations Theatre Course Standards ;Refine and complete artistic work;F.T.Cr.03;Describe how media arts includes content from other academic disciplines (e.g., how one might use mathematical patterns to make images and sound in a media artwork). 
 9-12;Foundations Theatre Course Standards ;Select, analyze and interpret artistic work for presentation;F.T.P.04;Explain the relationship between media artworks and commercialization or propaganda (e.g. how memes get used to communicate political messages). 
 9-12;Foundations Theatre Course Standards ;Develop and refine artistic techniques and work for presentation;F.T.P.05;Generate original ideas that integrate aesthetic principles with individual personal style.
 9-12;Foundations Theatre Course Standards ;Convey meaning through the presentation of artistic work;F.T.P.06;Document personal strategies used regularly to organize one?s artistic ideas (e.g. Sketchbook, digital folders, etc.).
 9-12;Foundations Theatre Course Standards ;Perceive and analyze artistic work;F.T.R.07; Identify artistic challenges and reflect upon the advantages and disadvantages of different solutions. 
 9-12;Foundations Theatre Course Standards ;Interpret intent and meaning in artistic work;F.T.R.08;Create media productions by integrating content and form to support a central idea. 
 9-12;Foundations Theatre Course Standards ;Apply criteria to evaluate artistic work;F.T.R.09; Organize and plan a media arts exhibition that explores a personally meaningful theme, idea, or concept (e.g. identify and coordinate an artistic space, set up technology). 
 9-12;Foundations Theatre Course Standards ;Synthesize and relate knowledge and personal experiences to make art;F.T.R.10;Present a media arts piece that causes audience reflection by presenting different styles or viewpoints. 
 9-12;Foundations Theatre Course Standards ;Relate artistic ideas and works to societal, cultural and historical contexts to deepen understanding;F.T.R.11; Identify ways a contemporary media work pushes the boundaries of a genre and discipline. 
 9-12;Proficient Theatre Course Standards ;Generate and conceptualize artistic ideas and work;P.T.Cr.01;Analyze the ways in which cultural and personal perspectives and biases have an impact on how one understands a work of art. 
 9-12;Proficient Theatre Course Standards ;Organize and develop artistic ideas and work;P.T.Cr.02;Identify how bias, culture, and privilege can impact the criteria used to evaluate media artwork. 
 9-12;Proficient Theatre Course Standards ;Refine and complete artistic work;P.T.Cr.03;Explain the development of a personal aesthetic vision as a media artist and how that is represented in a piece. 
 9-12;Proficient Theatre Course Standards ;Select, analyze and interpret artistic work for presentation;P.T.P.04; Identify the historical and cultural context that caused the shifting of stylistic elements between artistic movements. 
 9-12;Proficient Theatre Course Standards ;Develop and refine artistic techniques and work for presentation;P.T.P.05;Improvise short melodic and rhythmic ideas that reflect characteristics of different genres. 
 9-12;Proficient Theatre Course Standards ;Convey meaning through the presentation of artistic work;P.T.P.06;Record decisions about accuracy of written music (e.g., adding reminder of key signature, or indicating beat subdivisions for a difficult rhythm). 
 9-12;Proficient Theatre Course Standards ;Perceive and analyze artistic work;P.T.R.07;Refine musical interpretations exploring different elements (e.g. dynamics and articulations). 
 9-12;Proficient Theatre Course Standards ;Interpret intent and meaning in artistic work;P.T.R.08; Identify basic strategies musicians use to practice and employ them in readying a musical work for performance. 
 9-12;Proficient Theatre Course Standards ;Apply criteria to evaluate artistic work;P.T.R.09;" Perform with accuracy and expression works from the vocal or instrumental literature with a level of difficulty of 2, on a scale of 1 to 6; or a comparable scale."
 9-12;Proficient Theatre Course Standards ;Synthesize and relate knowledge and personal experiences to make art;P.T.Co.10;Match a musical performance with expressed intent (e.g., wanting the audience to identify with an emotion). 
 9-12;Proficient Theatre Course Standards ;Relate artistic ideas and works to societal, cultural and historical contexts to deepen understanding;P.T.Co.11;Analyze how cultures are reflected in a diverse range of musical works. 
 9-12;Advanced Theatre Course Standards ;Generate and conceptualize artistic ideas and work;A.T.Cr.01;Explain how a musical work is connected to a particular cultural, historical context where it was created. 
 9-12;Advanced Theatre Course Standards ;Organize and develop artistic ideas and work;A.T.Cr.02;Develop criteria for a rubric for evaluating musical works (e.g., students create criteria for a performance that is juried by students). 
 9-12;Advanced Theatre Course Standards ;Refine and complete artistic work;A.T.Cr.03;Describe influences of one?s personal musical style and preferences. 
 9-12;Advanced Theatre Course Standards ;Select, analyze and interpret artistic work for presentation;A.T.P.04;Identify musical ideas from different cultures studied in history and social science (e.g., American native). 
 9-12;Advanced Theatre Course Standards ;Develop and refine artistic techniques and work for presentation;A.T.P.05; Explore ideas for interpreting a work (e.g. Improvise embellishments to musical passages).
 9-12;Advanced Theatre Course Standards ;Convey meaning through the presentation of artistic work;A.T.P.06;Record decisions about interpreting written music (e.g., adding dynamics or accents to a score). 
 9-12;Advanced Theatre Course Standards ;Perceive and analyze artistic work;A.T.R.O7; Refine musical interpretations exploring different phrasing (e.g., incorporating tension, release, unity, and variety). 
 9-12;Advanced Theatre Course Standards ;Interpret intent and meaning in artistic work;A.T.R.O8;Identify advanced strategies musicians use to practice and employ them in readying a musical work for performance. 
 9-12;Advanced Theatre Course Standards ;Apply criteria to evaluate artistic work;A.T.R.O9;"Perform with accuracy and expression works from the vocal or instrumental literature with a level of difficulty of 3, on a scale of 1 to 6; or a comparable scale. "
 9-12;Advanced Theatre Course Standards ;Synthesize and relate knowledge and personal experiences to make art;A.T.Co.10;Describe how decisions about a performance are connected to what students want to express, evoke, or communicate. 
 9-12;Advanced Theatre Course Standards ;Relate artistic ideas and works to societal, cultural and historical contexts to deepen understanding;A.T.Co.11;Analyze the style a musician uses and how it manifests itself in a given musical work.
 9-12;Technical Theatre Course Standards ;Generate and conceptualize artistic ideas and work;T.T.P.01; Identify elements from a work that connect it to a specific genre or style. 
 9-12;Technical Theatre Course Standards ;Organize and develop artistic ideas and work;T.T.P.02;Compare and contrast different rubrics or criteria for evaluating music to identify advantages and disadvantages of each approach.
 9-12;Technical Theatre Course Standards ;Refine and complete artistic work;T.T.P.03;Describe what has influenced changes in one?s own musical style, and musical preferences. 
 9-12;Technical Theatre Course Standards ;Select, analyze and interpret artistic work for presentation;T.T.Cr.04;Identify the connections between historical and cultural contexts and defining stylistic elements of multiple musical movements (e.g., Aaron Copland's quest for an American sound, or how Billie Holiday's ?Strange Fruit? sparked a genre of protest songs).
 9-12;Technical Theatre Course Standards ;Develop and refine artistic techniques and work for presentation;T.T.Cr.05;Apply research to support musical interpretation (e.g., students listen to several different recordings of a given piece to determine an approach to interpretation). 
 9-12;Technical Theatre Course Standards ;Convey meaning through the presentation of artistic work;T.T.Cr.06;Arrange a melody for multiple instruments or voices. 
 9-12;Technical Theatre Course Standards ;Perceive and analyze artistic work;T.T.R.07;Refine draft arrangements to ensure consistency in style, genre, and notation.
 9-12;Technical Theatre Course Standards ;Interpret intent and meaning in artistic work;T.T.R.08;Contribute to the production of a small group performance (e.g., run a section of a rehearsal). 
 9-12;Technical Theatre Course Standards ;Apply criteria to evaluate artistic work;T.T.R.09;"Perform with accuracy and expression works from the vocal or instrumental literature with a level of difficulty of 4, on a scale of 1 to 6; or a comparable scale. "
 9-12;Technical Theatre Course Standards ;Synthesize and relate knowledge and personal experiences to make art;T.T.Co.10;Modify a performance by anticipating audience responses to better align to student's artistic intent. 
 9-12;Technical Theatre Course Standards ;Relate artistic ideas and works to societal, cultural and historical;T.T.Co.11;Examine how structure of music impacts and informs performances. 
 9-12;Foundations Visual Arts Course Standards ;Generate and conceptualize artistic ideas and work;F.V.Cr.01;Compare and contrast the artistic elements that make contemporary music unique (e.g., compare and contrast how contemporary music is different from contemporary interpretations of a classical work). 
 9-12;Foundations Visual Arts Course Standards ;Organize and develop artistic ideas and work;F.V.Cr.02;Choose and defend different criteria for evaluating a specific musical performance. 
 9-12;Foundations Visual Arts Course Standards ;Refine and complete artistic work;F.V.Cr.03;Describe how music influences one?s approach to other academic disciplines (e.g., how the physics of sound influences how one makes music).
 9-12;Foundations Visual Arts Course Standards ;Select, analyze and interpret artistic work for presentation;F.V.P.04;Explain the relationship between music and commercialization or propaganda (e.g., how Nike's use of 'Revolution' by the Beatlesÿsparked controversy, or how Wagner?s music was used by Nazi Germany).
 9-12;Foundations Visual Arts Course Standards ;Develop and refine artistic techniques and work for presentation;F.V.P.05;Generate instrumental or vocal interpretations that integrate aesthetic principles with personal style. 
 9-12;Foundations Visual Arts Course Standards ;Convey meaning through the presentation of artistic work;F.V.P.06; Arrange pieces for multiple instruments or voices in an array of genres and styles. 
 9-12;Foundations Visual Arts Course Standards ;Perceive and analyze artistic work;F.V.R.07;" Identify musical challenges and reflect upon the advantages and disadvantages of different solutions (e.g., in playing an instrument, the ideal hand position for a difficult phrase; in singing, breath spacing in aÿlong passage)."
 9-12;Foundations Visual Arts Course Standards ;Interpret intent and meaning in artistic work;F.V.R.08;Organize and lead a small group performance (e.g., run rehearsals). 
 9-12;Foundations Visual Arts Course Standards ;Apply criteria to evaluate artistic work;F.V.R.09;" Perform with accuracy and expression works from the vocal or instrumental literature with a level of difficulty of 5, on a scale of 1 to 6; or a comparable scale."
 9-12;Foundations Visual Arts Course Standards ;Synthesize and relate knowledge and personal experiences to make art;F.V.Co.10;Perform a musical work designed to elicit audience reflection because of its style or viewpoint. 
 9-12;Foundations Visual Arts Course Standards ;Relate artistic ideas and works to societal, cultural and historical contexts to deepen understanding;F.V.Co.11;Identify ways a contemporary musical piece pushes boundaries of the genre and discipline.
 9-12;Proficient Visual Arts Course Standards ;Generate and conceptualize artistic ideas and work;P.V.Cr.01;Analyze the ways one?s own cultural and personal perspectives and biases affect understanding of a musical work. 
 9-12;Proficient Visual Arts Course Standards ;Organize and develop artistic ideas and work;P.V.Cr.02;Identify how bias, culture, and privilege can affect the criteria one uses to evaluate musical performance. 
 9-12;Proficient Visual Arts Course Standards ;Refine and complete artistic work;P.V.Cr.03;Explain the development of the group's aesthetic vision as an ensemble and how it is represented in a performance. 
 9-12;Proficient Visual Arts Course Standards ;Select, analyze and interpret artistic work for presentation;P.V.P.04;Identify the historical and cultural contexts that caused shifting of stylistic elements between musical movements. 
 9-12;Proficient Visual Arts Course Standards ;Develop and refine artistic techniques and work for presentation;P.V.P.05;Consistently apply research to generate compositional ideas (e.g., to help generate new ideas, students listen to several different recordings of pieces that use industrial sounds). 
 9-12;Proficient Visual Arts Course Standards ;Convey meaning through the presentation of artistic work;P.V.P.06; Document strategies used regularly to organize artistic ideas (e.g., building off of sub-dominate scales, or composing using a sonata form). 
 9-12;Proficient Visual Arts Course Standards ;Perceive and analyze artistic work;P.V.R.07;Refine musical pieces to extended rhythmic and harmonic ideas (e.g., composing in unusual time signatures or moving beyond I, IV, V progressions). 
 9-12;Proficient Visual Arts Course Standards ;Interpret intent and meaning in artistic work;P.V.R.08;Explain how one?s composition relates to established musical genres, styles, forms (e.g., explain how one?s piece combines elements of jazz and Celtic music). 
 9-12;Proficient Visual Arts Course Standards ;Apply criteria to evaluate artistic work;P.V.R.09;Lead the production and sharing of an original composition (e.g., a student leads a concert in which her work is performed). 
 9-12;Proficient Visual Arts Course Standards ;Synthesize and relate knowledge and personal experiences to make art;P.V.Co.10; Perform a musical work that causes audience reflection by presenting different musical styles or viewpoints (e.g., a student shows originality in adapting a particular style of playing or singing.
 9-12;Proficient Visual Arts Course Standards ;Relate artistic ideas and works to societal, cultural and historical contexts to deepen understanding;P.V.Co.11; Identify ways contemporary musical compositions pushes boundaries of the genre and discipline. (e.g., how Cher's use of Auto-Tune affected the music industry). 
 9-12;Advanced Visual Arts Course Standards ;Generate and conceptualize artistic ideas and work;A.V.Cr.01;. Analyze
 9-12;Advanced Visual Arts Course Standards ;Organize and develop artistic ideas and work;A.V.Cr.02;the ways one?s own cultural and personal perspectives and biases affect how one
 9-12;Advanced Visual Arts Course Standards ;Refine and complete artistic work;A.V.Cr.03;understands specific musical works. (e.g., noticing how a song's popularity influences
 9-12;Advanced Visual Arts Course Standards ;Select, analyze and interpret artistic work for presentation;A.V.P.04;student perspectives on the song).
 9-12;Advanced Visual Arts Course Standards ;Develop and refine artistic techniques and work for presentation;A.V.P.05;Construct an argument for selecting one criteria over another for evaluating a musical composition. 
 9-12;Advanced Visual Arts Course Standards ;Convey meaning through the presentation of artistic work;A.V.P.06;Explain the development of one?s musicality or musical style and how it relates to a composition. 
 9-12;Advanced Visual Arts Course Standards ;Perceive and analyze artistic work;A.V.R.07; Identify the social, cultural, and personal influences on one's musical style as a composer or musician. 
 9-12;Advanced Visual Arts Course Standards ;Interpret intent and meaning in artistic work;A.V.R.08;Create theatrical ideas (e.g., plot, setting, character) that reflect characteristics of different artistic movements. 
 9-12;Advanced Visual Arts Course Standards ;Apply criteria to evaluate artistic work;A.V.R.09;Create an outline for an original scene or short play, including details such as costumes or scenery.
 9-12;Advanced Visual Arts Course Standards ;Synthesize and relate knowledge and personal experiences to make art;A.V.Co.10;Refine and revise character dialogue, stage directions and sensory details of imagined worlds. 
 9-12;Advanced Visual Arts Course Standards ;Relate artistic ideas and works to societal, cultural and historical contexts to deepen understanding;A.V.Co.11;Identify historical sources that explain drama/theatre terminology and conventions. 
