Grado;Área;Tema;Código;Descripción
K-2;Computación y sociedad;Seguridad y protección;K-2.CAS.a.1;Demostrar una ergonomía adecuada (por ejemplo, posición del cuerpo, estiramiento) al utilizar dispositivos.
K-2;Computación y sociedad;Seguridad y protección;K-2.CAS.a.2;Utilice dispositivos eléctricos de forma segura y con moderación (por ejemplo, desenchufe los dispositivos tirando del enchufe en lugar del cable, no mezcle agua/alimentos con dispositivos eléctricos, evite jugar y caminar).
K-2;Computación y sociedad;Seguridad y protección;K-2.CAS.a.3;Cuide los dispositivos de manera adecuada (por ejemplo, manipúlelos con cuidado, apáguelos por completo cuando no estén en uso y guárdelos en el contenedor adecuado).
K-2;Computación y sociedad;Seguridad y protección;K-2.CAS.a.4;Explique que una contraseńa ayuda a proteger la privacidad de la información.
K-2;Computación y sociedad;Seguridad y protección;K-2.CAS.a.5;Identifique ejemplos seguros e inseguros de comunicaciones en línea.
K-2;Computación y sociedad;Seguridad y protección;K-2.CAS.a.6;Explique por qué mantenemos privada la información personal (por ejemplo, nombre, ubicación, número de teléfono, dirección particular).
K-2;Computación y sociedad;Seguridad y protección;K-2.CAS.a.7;Identifique qué información personal (por ejemplo, nombre de usuario o nombre real, nombre de la escuela o dirección del domicilio) debe y no debe compartirse en línea y con quién.
K-2;Computación y sociedad;Seguridad y protección;K-2.CAS.a.8;Explique por qué es necesario denunciar contenidos o contactos electrónicos inapropiados.
K-2;Computación y sociedad;Ética y leyes;K-2.CAS.b.1;Defina la buena ciudadanía digital como el uso de la tecnología de manera segura, responsable y ética.
K-2;Computación y sociedad;Ética y leyes;K-2.CAS.b.2;Demostrar un uso responsable de las computadoras, dispositivos periféricos y recursos como se describe en las reglas de la escuela (Política de uso aceptable [AUP] para K-2).
K-2;Computación y sociedad;Ética y leyes;K-2.CAS.b.3;Explique que la mayoría de los artefactos digitales tienen propietarios.
K-2;Computación y sociedad;Ética y leyes;K-2.CAS.b.4;Explique la importancia de dar crédito a los creadores/propietarios de los medios cuando se utiliza su trabajo.
K-2;Computación y sociedad;Impacto interpersonal y social;K-2.CAS.c.1;Identificar y describir cómo las personas (por ejemplo, estudiantes, padres, agentes de policía) utilizan muchos tipos de tecnologías en su trabajo diario y en su vida personal.
K-2;Computación y sociedad;Impacto interpersonal y social;K-2.CAS.c.2;Reconocer cuándo el propósito del contenido es brindar información o influenciarle para que actúe.
K-2;Herramientas digitales y colaboración;Herramientas digitales;K-2.DTC.a.1;Operar una variedad de herramientas digitales (por ejemplo, abrir/cerrar, buscar, guardar/imprimir, navegar, utilizar dispositivos de entrada/salida).
K-2;Herramientas digitales y colaboración;Herramientas digitales;K-2.DTC.a.2;Identificar, localizar y utilizar letras, números y teclas especiales en un teclado (por ejemplo, barra espaciadora, Mayús, Supr).
K-2;Herramientas digitales y colaboración;Herramientas digitales;K-2.DTC.a.3;Crea un artefacto digital sencillo.
K-2;Herramientas digitales y colaboración;Herramientas digitales;K-2.DTC.a.4;Utilizar herramientas digitales apropiadas de forma individual y colaborativa para crear, revisar y corregir artefactos simples que incluyan texto, imágenes y audio.
K-2;Herramientas digitales y colaboración;Colaboración y comunicación;K-2.DTC.b.1;Utilizar de forma colaborativa herramientas digitales y recursos multimedia para comunicar ideas y detalles clave de una manera que informe, persuada y/o entretenga.
K-2;Herramientas digitales y colaboración;Colaboración y comunicación;K-2.DTC.b.2;Utilice una variedad de herramientas digitales para intercambiar información y retroalimentación con los docentes.
K-2;Herramientas digitales y colaboración;Colaboración y comunicación;K-2.DTC.b.3;Utilice una variedad de herramientas digitales para presentar información a otros.
K-2;Herramientas digitales y colaboración;Investigación;K-2.DTC.c.1;Realizar búsquedas básicas de palabras clave para recopilar información de fuentes digitales proporcionadas por el docente (por ejemplo, catálogo de biblioteca en línea, bases de datos).
K-2;Herramientas digitales y colaboración;Investigación;K-2.DTC.c.2;Crear un artefacto de forma individual y colaborativa que responda a una pregunta de investigación, al tiempo que expresa claramente pensamientos e ideas.
K-2;Herramientas digitales y colaboración;Investigación;K-2.DTC.c.3;Reconocer y nombrar fuentes de información o medios (por ejemplo, título del libro, autor del libro, sitio web).
K-2;Ciencias de la Computación;Dispositivos informáticos;K-2.CS.a.1;Identificar diferentes tipos de dispositivos informáticos en el aula y otros lugares (por ejemplo, computadoras portátiles, tabletas, teléfonos inteligentes, computadoras de escritorio).
K-2;Ciencias de la Computación;Dispositivos informáticos;K-2.CS.a.2;Identificar los componentes visibles de los dispositivos informáticos (por ejemplo, teclado, pantalla, monitor, impresora, dispositivo seńalador).
K-2;Ciencias de la Computación;Dispositivos informáticos;K-2.CS.a.3;Explique que los dispositivos informáticos funcionan cuando se ejecutan aplicaciones, programas o comandos.
K-2;Ciencias de la Computación;Dispositivos informáticos;K-2.CS.a.4;"Operar una variedad de sistemas informáticos (por ejemplo, encender, utilizar dispositivos de entrada/salida como un mouse, un teclado o una pantalla táctil; buscar, navegar, iniciar un programa)."
K-2;Ciencias de la Computación;Asociaciones entre humanos y computadoras;K-2.CS.b.1;Explique que los dispositivos informáticos son máquinas que no están vivas, pero que pueden utilizarse para ayudar a los humanos con sus tareas.
K-2;Ciencias de la Computación;Asociaciones entre humanos y computadoras;K-2.CS.b.2;Reconocer que algunas tareas las realizan mejor los humanos y otras los dispositivos informáticos (por ejemplo, un humano podría ser capaz de rescatar a alguien en un entorno normal, pero sería mejor utilizar robots en un entorno peligroso).
K-2;Ciencias de la Computación;Asociaciones entre humanos y computadoras;K-2.CS.b.3;Reconocer que diferentes herramientas pueden resolver el mismo problema (por ejemplo, lápiz y papel, calculadoras y teléfonos inteligentes pueden usarse para resolver problemas matemáticos simples).
K-2;Ciencias de la Computación;Redes;K-2.CS.c.1;Explique que las redes conectan computadoras y dispositivos a nivel local y mundial, permitiendo que las personas accedan a información y se comuniquen entre sí.
K-2;Pensamiento computacional;Abstracción;K-2.CT.a.1;Enumere los atributos de un objeto común, por ejemplo, los automóviles tienen un color, tipo (por ejemplo, camioneta, furgoneta, sedán), número de asientos, etc.
K-2;Pensamiento computacional;Algoritmos;K-2.CT.b.1;Defina un algoritmo como una secuencia de pasos definidos.
K-2;Pensamiento computacional;Algoritmos;K-2.CT.b.2;Crear un algoritmo simple, de forma individual y colaborativa, sin utilizar computadoras para completar una tarea (por ejemplo, hacer un sándwich, prepararse para la escuela, sacar un libro de la biblioteca).
K-2;Pensamiento computacional;Algoritmos;K-2.CT.b.3;Implemente un algoritmo utilizando materiales tangibles (por ejemplo, objetos manipulables, su cuerpo) o presente el algoritmo en un medio visual (por ejemplo, un guión gráfico).
K-2;Pensamiento computacional;Datos;K-2.CT.c.1;Identificar diferentes tipos de información (por ejemplo, texto, cuadros, gráficos, números, imágenes, audio, vídeo, colecciones de objetos).
K-2;Pensamiento computacional;Datos;K-2.CT.c.2;Identificar, investigar y recopilar información sobre un tema, asunto, problema o pregunta utilizando tecnologías digitales apropiadas para la edad.
K-2;Pensamiento computacional;Datos;K-2.CT.c.3;Proponer de forma individual y colaborativa una solución a un problema o pregunta a partir de un análisis de información.
K-2;Pensamiento computacional;Datos;K-2.CT.c.4;Crear visualizaciones de información de forma individual y colaborativa (por ejemplo, gráficos, infografías).
K-2;Pensamiento computacional;Datos;K-2.CT.c.5;Explique que las computadoras pueden guardar información como datos que se pueden almacenar, buscar, recuperar y eliminar.
K-2;Pensamiento computacional;Programación y desarrollo;K-2.CT.d.1;Defina un programa de computadora como un conjunto de comandos creados por personas para hacer algo.
K-2;Pensamiento computacional;Programación y desarrollo;K-2.CT.d.2;Explique que las computadoras sólo siguen las instrucciones del programa.
K-2;Pensamiento computacional;Programación y desarrollo;K-2.CT.d.3;"Cree de forma individual o colaborativa un programa simple utilizando instrucciones visuales o herramientas que no requieran un lenguaje de programación textual (por ejemplo, actividades de programación ""desconectadas"", un lenguaje de programación basado en bloques)."
K-2;Pensamiento computacional;Modelado y simulación;K-2.CT.e.1;Describe cómo los modelos representan un sistema de la vida real (por ejemplo, globo terráqueo, mapa, sistema solar, modelo de elevación digital, mapa meteorológico).
K-2;Pensamiento computacional;Modelado y simulación;K-2.CT.e.2;Definir simulación e identificar los conceptos ilustrados por una simulación simple (por ejemplo, crecimiento y salud, ciclo de vida de la mariposa).
 3-5;Computación y sociedad;Seguridad y protección;3-5.CAS.a.1;Describa cómo utilizar la ergonomía adecuada (por ejemplo, posición del cuerpo, iluminación, posicionamiento del equipo, toma de descansos) al utilizar dispositivos.
 3-5;Computación y sociedad;Seguridad y protección;3-5.CAS.a.2;Describa las amenazas al uso seguro y eficiente de dispositivos (por ejemplo, SPAM, spyware, phishing, virus) asociadas con diversas formas de uso de la tecnología (por ejemplo, descargar y ejecutar programas de software, seguir hipervínculos, abrir archivos).
 3-5;Computación y sociedad;Seguridad y protección;3-5.CAS.a.3;Identifique los usos apropiados e inapropiados de la tecnología al publicar en las redes sociales, enviar correos electrónicos o mensajes de texto y navegar por Internet.
 3-5;Computación y sociedad;Seguridad y protección;3-5.CAS.a.4;Explicar el uso y funcionamiento adecuados de las tecnologías de seguridad (por ejemplo, contraseńas, software de protección antivirus, filtros de spam, bloqueadores de ventanas emergentes, cookies).
 3-5;Computación y sociedad;Seguridad y protección;3-5.CAS.a.5;Describa formas de emplear prácticas seguras y evitar los riesgos/peligros potenciales asociados con diversas formas de comunicaciones en línea, descargas, enlaces, compras por Internet, anuncios y contenido inapropiado dentro de entornos restringidos.
 3-5;Computación y sociedad;Seguridad y protección;3-5.CAS.a.6;Identificar diferentes tipos de acoso cibernético (por ejemplo, acoso, insultos, exclusión de personas, revelación y suplantación de identidad).
 3-5;Computación y sociedad;Seguridad y protección;3-5.CAS.a.7;Explique que si se encuentra con acoso cibernético u otro contenido inapropiado, debe informar inmediatamente a un adulto responsable (por ejemplo, un maestro o un padre).
 3-5;Computación y sociedad;Ética y leyes;3-5.CAS.b.1;Demostrar un uso responsable de las computadoras, dispositivos periféricos y recursos como se describe en las reglas de la escuela (Política de uso aceptable [AUP]).
 3-5;Computación y sociedad;Ética y leyes;3-5.CAS.b.2;Describe la diferencia entre los artefactos digitales que son abiertos o gratuitos y aquellos que están protegidos por derechos de autor.
 3-5;Computación y sociedad;Ética y leyes;3-5.CAS.b.3;Explicar las pautas para el uso justo de la descarga, el intercambio o la modificación de artefactos digitales.
 3-5;Computación y sociedad;Ética y leyes;3-5.CAS.b.4;Describe el propósito de los derechos de autor y las posibles consecuencias del uso inapropiado de artefactos digitales que están protegidos por derechos de autor.
 3-5;Computación y sociedad;Ética y leyes;3-5.CAS.b.5;Explique que existen leyes (por ejemplo, la Sección 508, Ley de Telecomunicaciones de 1996) que ayudan a garantizar que las personas con discapacidades puedan acceder a la tecnología electrónica y de la información.
 3-5;Computación y sociedad;Impacto interpersonal y social;3-5.CAS.c.1;Explicar las diferentes formas de publicidad web (por ejemplo, anuncios de búsqueda, anuncios de pago por clic, anuncios de banner, anuncios dirigidos, anuncios en juegos, anuncios por correo electrónico).
 3-5;Computación y sociedad;Impacto interpersonal y social;3-5.CAS.c.2;Explique por qué los sitios web, los recursos digitales y los artefactos pueden incluir anuncios y recopilar información personal.
 3-5;Computación y sociedad;Impacto interpersonal y social;3-5.CAS.c.3;Defina la brecha digital como el acceso desigual a la tecnología en función de diferencias como el ingreso, la educación, la edad y la ubicación geográfica.
 3-5;Computación y sociedad;Impacto interpersonal y social;3-5.CAS.c.4;Utilice el pensamiento crítico para explicar cómo el acceso a la tecnología ayuda a empoderar a individuos y grupos (por ejemplo, les da acceso a la información, la capacidad de comunicarse con otros alrededor del mundo, les permite comprar y vender cosas).
 3-5;Computación y sociedad;Impacto interpersonal y social;3-5.CAS.c.5;Identificar recursos en la comunidad que puedan brindar a las personas acceso a la tecnología (por ejemplo, bibliotecas, centros comunitarios, programas educativos, escuelas, programas de donación de hardware y software).
 3-5;Computación y sociedad;Impacto interpersonal y social;3-5.CAS.c.6;Identificar las formas en que las personas con discapacidad acceden y utilizan la tecnología (por ejemplo, reproductores y grabadoras de audio, sistemas de escucha FM, lupas).
 3-5;Computación y sociedad;Impacto interpersonal y social;3-5.CAS.c.7;Identificar el impacto de las redes sociales y el ciberacoso en las personas, las familias y la sociedad.
 3-5;Herramientas digitales y colaboración;Herramientas digitales;3-5.DTC.a.1;Escriba cinco palabras por minuto por el nivel de grado (por ejemplo, para quinto grado, escriba 25 palabras por minuto).
 3-5;Herramientas digitales y colaboración;Herramientas digitales;3-5.DTC.a.2;Navegue entre entornos locales, en red o en línea/en la nube y transfiera archivos entre cada uno (carga/descarga).
 3-5;Herramientas digitales y colaboración;Herramientas digitales;3-5.DTC.a.3;Utilizar herramientas digitales (locales y en línea) para manipular y publicar artefactos multimedia.
 3-5;Herramientas digitales y colaboración;Colaboración y comunicación;3-5.DTC.b.1;Comunicar ideas y detalles clave de forma individual o colaborativa de una manera que informe, persuada y/o entretenga utilizando herramientas digitales y recursos multimedia.
 3-5;Herramientas digitales y colaboración;Colaboración y comunicación;3-5.DTC.b.2;Colaborar a través de herramientas digitales en línea bajo la supervisión del docente.
 3-5;Herramientas digitales y colaboración;Investigación;3-5.DTC.c.1;Identificar fuentes de información digital para responder preguntas de investigación (por ejemplo, catálogo de biblioteca en línea, enciclopedias en línea, bases de datos, sitios web).
 3-5;Herramientas digitales y colaboración;Investigación;3-5.DTC.c.2;Realizar búsquedas para localizar información utilizando dos o más palabras clave y técnicas para refinar y limitar dichas búsquedas.
 3-5;Herramientas digitales y colaboración;Investigación;3-5.DTC.c.3;Evaluar las fuentes digitales en cuanto a su precisión, relevancia y pertinencia.
 3-5;Herramientas digitales y colaboración;Investigación;3-5.DTC.c.4;Recopilar y organizar información de fuentes digitales citando, parafraseando y/o resumiendo.
 3-5;Herramientas digitales y colaboración;Investigación;3-5.DTC.c.5;Crear un artefacto que responda una pregunta de investigación y comunique claramente pensamientos e ideas.
 3-5;Herramientas digitales y colaboración;Investigación;3-5.DTC.c.6;Cite fuentes basadas en texto utilizando un formato adoptado por la escuela o el distrito.
 3-5;Herramientas digitales y colaboración;Investigación;3-5.DTC.c.7;Proporcionar información básica sobre fuentes (por ejemplo, Localizador Uniforme de Recursos [URL], fecha de acceso) para fuentes que no estén basadas en texto (por ejemplo, imágenes, audio, video).
 3-5;Sistemas informáticos;Dispositivos informáticos;3-5.CS.a.1;Identificar una amplia gama de dispositivos informáticos (por ejemplo, computadoras, teléfonos inteligentes, tabletas, robots, textiles electrónicos) y usos apropiados para ellos.
 3-5;Sistemas informáticos;Dispositivos informáticos;3-5.CS.a.2;Describe la función y el propósito de varios dispositivos de entrada y salida (por ejemplo, monitor, teclado, altavoces, controlador, sondas, sensores, transmisores Bluetooth, sintetizadores).
 3-5;Sistemas informáticos;Dispositivos informáticos;3-5.CS.a.3;Demostrar un nivel apropiado de competencia (conectar y registrar datos, imprimir, enviar comandos, conectarse a Internet, buscar) en el uso de una variedad de dispositivos informáticos (por ejemplo, sondas, sensores, impresoras, robots, computadoras).
 3-5;Sistemas informáticos;Dispositivos informáticos;3-5.CS.a.4;Identificar y resolver problemas simples de hardware y software que puedan ocurrir durante el uso diario (por ejemplo, energía, conexiones, ventana de aplicación o barra de herramientas).
 3-5;Sistemas informáticos;Dispositivos informáticos;3-5.CS.a.5;Describe las diferencias entre hardware y software.
 3-5;Sistemas informáticos;Dispositivos informáticos;3-5.CS.a.6;Identificar y explicar que algunas funciones informáticas están siempre activas (por ejemplo, la función de ubicación en los teléfonos inteligentes).
 3-5;Sistemas informáticos;Asociaciones entre humanos y computadoras;3-5.CS.b.1;Compare y contraste el desempeńo humano y de la computadora en tareas similares (por ejemplo, ordenar alfabéticamente, encontrar un camino a través de una habitación desordenada) para comprender cuál es el más adecuado para la tarea.
 3-5;Sistemas informáticos;Asociaciones entre humanos y computadoras;3-5.CS.b.2;Explique cómo el hardware y las aplicaciones (por ejemplo, la navegación con sistema de posicionamiento global [GPS] para obtener indicaciones de manejo, la traducción de texto a voz, la traducción de idiomas) pueden permitir que todos, incluidas las personas con discapacidades, hagan cosas que de otra manera no podrían hacer.
 3-5;Sistemas informáticos;Asociaciones entre humanos y computadoras;3-5.CS.b.3;"Explique las ventajas y limitaciones de la tecnología (por ejemplo, un corrector ortográfico puede verificar miles de palabras más rápido de lo que un humano podría buscarlas; sin embargo, un corrector ortográfico podría no saber si ""underserved"" es correcto o si la intención del autor era escribir ""undeserved"")."
 3-5;Sistemas informáticos;Redes;3-5.CS.c.1;Describe cómo una red está compuesta por una variedad de componentes e identifica los componentes comunes (por ejemplo, enlaces, nodos, dispositivos de red).
 3-5;Sistemas informáticos;Redes;3-5.CS.c.2;Describa la necesidad de autenticación de usuarios y dispositivos en relación con los permisos de acceso, la privacidad y la seguridad.
 3-5;Sistemas informáticos;Redes;3-5.CS.c.3;Definir y explicar por qué los dispositivos están numerados/etiquetados en las redes (por ejemplo, el Localizador Uniforme de Recursos [URL] de la World Wide Web, la dirección del Protocolo de Internet [IP], el Código de Acceso a la Máquina [MAC]).
 3-5;Sistemas informáticos;Redes;3-5.CS.c.4;Reconocer que existen muchas fuentes y medios para acceder a la información dentro de una red (por ejemplo, sitios web, protocolos de correo electrónico, motores de búsqueda).
 3-5;Sistemas informáticos;Servicios;3-5.CS.d.1;Identificar servicios comunes (por ejemplo, aplicaciones de indicaciones para llegar en automóvil que acceden a servicios de mapas remotos, asistentes personales digitales que acceden a servicios de información remotos).
 3-5;Pensamiento computacional;Abstracción;3-5.CT.a.1;Utilice números o letras para representar información en otra forma (por ejemplo, códigos secretos, números romanos, abreviaturas).
 3-5;Pensamiento computacional;Abstracción;3-5.CT.a.2;Organizar la información de diferentes maneras para hacerla más útil/relevante (por ejemplo, ordenándola, en tablas).
 3-5;Pensamiento computacional;Abstracción;3-5.CT.a.3;Haga una lista de subproblemas a considerar mientras aborda un problema más grande.
 3-5;Pensamiento computacional;Algoritmos;3-5.CT.b.1;Defina un algoritmo como una secuencia de instrucciones que pueden ser procesadas por una computadora.
 3-5;Pensamiento computacional;Algoritmos;3-5.CT.b.2;Reconocer que existen diferentes soluciones para el mismo problema (o subproblema).
 3-5;Pensamiento computacional;Algoritmos;3-5.CT.b.3;Utilice el razonamiento lógico para predecir los resultados de un algoritmo.
 3-5;Pensamiento computacional;Algoritmos;3-5.CT.b.4;Crear de forma individual y colaborativa un algoritmo para resolver un problema (por ejemplo, mover un personaje/robot/persona a través de un laberinto).
 3-5;Pensamiento computacional;Algoritmos;3-5.CT.b.5;Detectar y corregir errores lógicos en varios algoritmos (por ejemplo, escritos, mapeados, de acción en vivo o digitales).
 3-5;Pensamiento computacional;Datos;3-5.CT.c.1;Describa ejemplos de bases de datos de la vida cotidiana (por ejemplo, catálogos de bibliotecas, registros escolares, directorios telefónicos, listas de contactos).
 3-5;Pensamiento computacional;Datos;3-5.CT.c.2;Recopilar y manipular datos de forma individual y colaborativa para responder una pregunta utilizando una variedad de métodos informáticos (por ejemplo, clasificación, totalización, promedio) y herramientas (como una hoja de cálculo) para recopilar, organizar, graficar y analizar datos.
 3-5;Pensamiento computacional;Programación y desarrollo;3-5.CT.d.1;Crear, probar y modificar de forma individual y colaborativa un programa en un entorno gráfico (por ejemplo, lenguaje de programación visual basado en bloques).
 3-5;Pensamiento computacional;Programación y desarrollo;3-5.CT.d.2;Utilice operadores aritméticos, condicionales y repetición en los programas.
 3-5;Pensamiento computacional;Programación y desarrollo;3-5.CT.d.3;Utilice la depuración interactiva para detectar y corregir errores simples del programa.
 3-5;Pensamiento computacional;Programación y desarrollo;3-5.CT.d.4;Reconocer que los programas necesitan valores iniciales conocidos (por ejemplo, establecer la puntuación inicial en cero en un juego).
 3-5;Pensamiento computacional;Modelado y simulación;3-5.CT.e.1;Cree de forma individual y colaborativa un modelo simple de un sistema (por ejemplo, el ciclo del agua, el sistema solar) y explique lo que muestra y lo que no muestra el modelo.
 3-5;Pensamiento computacional;Modelado y simulación;3-5.CT.e.2;Identificar los conceptos, características y comportamientos ilustrados por una simulación (por ejemplo, movimiento de objetos, clima, ecosistema, depredador/presa) y aquellos que no se incluyeron.
 3-5;Pensamiento computacional;Modelado y simulación;3-5.CT.e.3;Utilice datos de una simulación de forma individual y colaborativa para responder una pregunta.
 6-8;Computación y sociedad;Seguridad y protección;6-8.CAS.a.1;Identifique amenazas y proteja activamente dispositivos y redes contra virus, intrusiones, vandalismo y otras actividades maliciosas.
 6-8;Computación y sociedad;Seguridad y protección;6-8.CAS.a.2;Describe cómo se puede prevenir y gestionar el acoso cibernético.
 6-8;Computación y sociedad;Seguridad y protección;6-8.CAS.a.3;Explique la conexión entre la persistencia de los datos en Internet, la identidad personal en línea y la privacidad personal.
 6-8;Computación y sociedad;Seguridad y protección;6-8.CAS.a.4;Describir y utilizar prácticas seguras, apropiadas y responsables (netiqueta) al participar en comunidades en línea (por ejemplo, grupos de discusión, blogs, sitios de redes sociales).
 6-8;Computación y sociedad;Seguridad y protección;6-8.CAS.a.5;Diferenciar entre contenido apropiado e inapropiado en Internet.
 6-8;Computación y sociedad;Ética y leyes;6-8.CAS.b.1;Explique cómo la legislación sobre derechos de autor y licencias protege al propietario de la propiedad intelectual.
 6-8;Computación y sociedad;Ética y leyes;6-8.CAS.b.2;Explicar las posibles consecuencias de violar la ley de propiedad intelectual y el plagio.
 6-8;Computación y sociedad;Ética y leyes;6-8.CAS.b.3;Aplicar el uso justo para utilizar materiales con derechos de autor (por ejemplo, imágenes, música, vídeos, texto).
 6-8;Computación y sociedad;Ética y leyes;6-8.CAS.b.4;Identificar las consecuencias legales de enviar o recibir contenido inapropiado (por ejemplo, ciberacoso, acoso, sexting).
 6-8;Computación y sociedad;Ética y leyes;6-8.CAS.b.5;Diferenciar entre licencias de software propietario y de código abierto y su aplicabilidad a diferentes tipos de software y medios.
 6-8;Computación y sociedad;Ética y leyes;6-8.CAS.b.6;Demostrar cumplimiento con la Política de uso aceptable de la escuela [AUP].
 6-8;Computación y sociedad;Ética y leyes;6-8.CAS.b.7;Identificar los acuerdos de licencia de software y los permisos de las aplicaciones.
 6-8;Computación y sociedad;Ética y leyes;6-8.CAS.b.8;Explicar los propósitos positivos y maliciosos del hacking.
 6-8;Computación y sociedad;Ética y leyes;6-8.CAS.b.9;Licenciar contenido original y ampliar la licencia para compartir en el dominio público (por ejemplo, creative commons).
 6-8;Computación y sociedad;Impacto interpersonal y social;6-8.CAS.c.1;Describir los eventos actuales y las tecnologías emergentes en informática y los efectos que pueden tener en la educación, el lugar de trabajo, los individuos, las comunidades y la sociedad global.
 6-8;Computación y sociedad;Impacto interpersonal y social;6-8.CAS.c.2;Identificar y discutir las competencias tecnológicas necesarias en el aula y el lugar de trabajo, y cómo satisfacer esas necesidades.
 6-8;Computación y sociedad;Impacto interpersonal y social;6-8.CAS.c.3;Relacione la distribución de los recursos informáticos en una sociedad global con cuestiones de equidad, acceso y poder.
 6-8;Computación y sociedad;Impacto interpersonal y social;6-8.CAS.c.4;Evaluar cómo se pueden utilizar los medios y la tecnología para distorsionar, exagerar y tergiversar la información.
 6-8;Computación y sociedad;Impacto interpersonal y social;6-8.CAS.c.5;Evaluar el sesgo de las fuentes de información digital, incluidos los sitios web.
 6-8;Herramientas digitales y colaboración;Herramientas digitales;6-8.DTC.a.1;Identificar y explicar las fortalezas, debilidades y capacidades de una variedad de herramientas digitales.
 6-8;Herramientas digitales y colaboración;Herramientas digitales;6-8.DTC.a.2;Identificar los tipos de contenido asociados con diferentes tipos de archivos y por qué existen diferentes tipos de archivos (por ejemplo, formatos para procesamiento de textos, imágenes, música, dibujos tridimensionales).
 6-8;Herramientas digitales y colaboración;Herramientas digitales;6-8.DTC.a.3;Integre información de múltiples formatos de archivos en un solo artefacto.
 6-8;Herramientas digitales y colaboración;Herramientas digitales;6-8.DTC.a.4;Utilizar de forma individual y colaborativa herramientas avanzadas para diseńar y crear contenidos online (ej. portfolio digital, multimedia, blog, página web).
 6-8;Herramientas digitales y colaboración;Herramientas digitales;6-8.DTC.a.5;Desarrollar y realizar de forma individual y colaborativa una encuesta en línea.
 6-8;Herramientas digitales y colaboración;Colaboración y comunicación;6-8.DTC.b.1;Comunicar y publicar ideas y detalles clave de forma individual o colaborativa de una manera que informe, persuada y/o entretenga utilizando una variedad de herramientas digitales y recursos multimedia.
 6-8;Herramientas digitales y colaboración;Colaboración y comunicación;6-8.DTC.b.2;Colaborar de forma sincrónica y asincrónica a través de herramientas digitales en línea.
 6-8;Herramientas digitales y colaboración;Colaboración y comunicación;6-8.DTC.b.3;Demostrar capacidad para comunicarse adecuadamente a través de diversas herramientas en línea (por ejemplo, correo electrónico, redes sociales, mensajes de texto, comentarios de blogs).
 6-8;Herramientas digitales y colaboración;Investigación;6-8.DTC.c.1;Realizar búsquedas avanzadas para localizar información utilizando una variedad de fuentes digitales (por ejemplo, operadores booleanos, limitadores como nivel de lectura, tema, tipo de medio).
 6-8;Herramientas digitales y colaboración;Investigación;6-8.DTC.c.2;Evaluar la calidad de las fuentes digitales en términos de confiabilidad, incluida la actualidad, relevancia, autoridad, precisión y propósito de la información digital.
 6-8;Herramientas digitales y colaboración;Investigación;6-8.DTC.c.3;Recopilar, organizar y analizar información de fuentes digitales citando, parafraseando y/o resumiendo.
 6-8;Herramientas digitales y colaboración;Investigación;6-8.DTC.c.4;Crear un artefacto, de forma individual y colaborativa, que responda una pregunta de investigación y comunique resultados y conclusiones.
 6-8;Herramientas digitales y colaboración;Investigación;6-8.DTC.c.5;Utilice herramientas de citación digital para citar fuentes utilizando un formato adoptado por la escuela o el distrito (por ejemplo, Modern Language Association [MLA]), incluida la cita adecuada para todas las fuentes de texto y no texto (por ejemplo, imágenes, audio, video).
 6-8;Sistemas informáticos;Dispositivos informáticos;6-8.CS.a.1;Describe las funciones principales de un sistema operativo.
 6-8;Sistemas informáticos;Dispositivos informáticos;6-8.CS.a.2;Reconocer que existe una amplia gama de software de aplicación.
 6-8;Sistemas informáticos;Dispositivos informáticos;6-8.CS.a.3;Identificar y describir la función de las principales partes internas de un dispositivo informático básico (por ejemplo, placa base, disco duro, unidad central de procesamiento [CPU]).
 6-8;Sistemas informáticos;Dispositivos informáticos;6-8.CS.a.4;Identificar y describir el uso de sensores, actuadores y sistemas de control en un sistema incorporado (por ejemplo, un robot, un textil electrónico, una instalación artística, una sala inteligente).
 6-8;Sistemas informáticos;Dispositivos informáticos;6-8.CS.a.5;Diseńar y demostrar de forma individual y colaborativa el uso de un dispositivo (por ejemplo, un robot, un textil electrónico) para realizar una tarea.
 6-8;Sistemas informáticos;Dispositivos informáticos;6-8.CS.a.6;Utilizar una variedad de dispositivos informáticos (por ejemplo, sondas, sensores, dispositivos portátiles, Sistema de Posicionamiento Global [GPS]) para recopilar, analizar y presentar información de forma individual y colaborativa para problemas relacionados con el contenido.
 6-8;Sistemas informáticos;Dispositivos informáticos;6-8.CS.a.7;Identificar los pasos involucrados en el diagnóstico y solución de problemas rutinarios de hardware y software (por ejemplo, energía, conexiones, ventana de aplicación o barra de herramientas, cables, puertos, recursos de red, video, sonido) que ocurren durante el uso diario de la computadora.
 6-8;Sistemas informáticos;Asociaciones entre humanos y computadoras;6-8.CS.b.1;Explique por qué algunos problemas pueden ser resueltos más fácilmente por computadoras o humanos basándose en una comprensión general de los tipos de tareas en las que cada uno se destaca.
 6-8;Sistemas informáticos;Asociaciones entre humanos y computadoras;6-8.CS.b.2;Describe cómo interactúan los humanos y las máquinas para resolver problemas que ninguno de ellos puede resolver por sí solo (por ejemplo, experimentos de ?big data? que implican extraer conclusiones mediante el análisis de grandes cantidades de datos).
 6-8;Sistemas informáticos;Redes;6-8.CS.c.1;Explique la diferencia entre redes físicas (cableadas), de área local y amplia, inalámbricas y móviles.
 6-8;Sistemas informáticos;Redes;6-8.CS.c.2;Modelar los componentes de una red, incluidos dispositivos, enrutadores, conmutadores, cables, alambres y transpondedores.
 6-8;Sistemas informáticos;Redes;6-8.CS.c.3;Describe cómo se traduce y se comunica la información, tanto textual como no textual, entre dispositivos digitales a través de una red informática.
 6-8;Sistemas informáticos;Servicios;6-8.CS.d.1;Identificar las capacidades de los dispositivos que se habilitan a través de servicios (por ejemplo, un dispositivo portátil que almacena datos de actividad física en la nube, un dispositivo móvil que utiliza servicios de ubicación para la navegación).
 6-8;Pensamiento computacional;Abstracción;6-8.CT.a.1;"Describa cómo se abstraen los datos enumerando los atributos de los elementos cotidianos para representarlos, ordenarlos y compararlos (por ejemplo, la dirección de la calle como una abstracción para las ubicaciones; la marca, el modelo y el número de matrícula del automóvil como una abstracción para los automóviles)."
 6-8;Pensamiento computacional;Abstracción;6-8.CT.a.2;Defina una función simple que represente una tarea/problema más complejo y que pueda reutilizarse para resolver tareas/problemas similares.
 6-8;Pensamiento computacional;Abstracción;6-8.CT.a.3;Utilice la descomposición para definir y aplicar un esquema de clasificación jerárquica a un sistema complejo, como el cuerpo humano, la clasificación animal o en informática.
 6-8;Pensamiento computacional;Algoritmos;6-8.CT.b.1;Soluciones de diseńo que utilizan repetición y condicionales.
 6-8;Pensamiento computacional;Algoritmos;6-8.CT.b.2;Utilice el razonamiento lógico para predecir resultados dados diferentes insumos.
 6-8;Pensamiento computacional;Algoritmos;6-8.CT.b.3;Descomponer de forma individual y colaborativa un problema y crear una subsolución para cada una de sus partes (por ejemplo, videojuego, carrera de obstáculos con robots, preparación de la cena).
 6-8;Pensamiento computacional;Algoritmos;6-8.CT.b.4;Reconocer que más de un algoritmo puede resolver un problema determinado.
 6-8;Pensamiento computacional;Algoritmos;6-8.CT.b.5;Reconozca que es necesario tener en cuenta los límites para que un algoritmo produzca resultados correctos.
 6-8;Pensamiento computacional;Datos;6-8.CT.c.1;Demostrar que los números se pueden representar en diferentes sistemas base (por ejemplo, binario, octal y hexadecimal) y que el texto se puede representar de diferentes maneras (por ejemplo, Código estándar americano para el intercambio de información [ASCII]).
 6-8;Pensamiento computacional;Datos;6-8.CT.c.2;Describe cómo las computadoras almacenan, manipulan y transfieren tipos de datos y archivos (por ejemplo, números enteros, números reales, operadores booleanos) en un sistema binario.
 6-8;Pensamiento computacional;Datos;6-8.CT.c.3;Crear, modificar y utilizar una base de datos (por ejemplo, definir formatos de campo, agregar nuevos registros, manipular datos), de forma individual y colaborativa, para analizar datos y proponer soluciones para una tarea/problema.
 6-8;Pensamiento computacional;Datos;6-8.CT.c.4;Realizar una variedad de operaciones como ordenar, filtrar y buscar en una base de datos para organizar y mostrar información en una variedad de formas, como formatos numéricos (notación científica y porcentajes), gráficos, tablas y gráficos.
 6-8;Pensamiento computacional;Datos;6-8.CT.c.5;Seleccionar y utilizar tecnología de recopilación de datos (por ejemplo, sondas, dispositivos portátiles, sistemas de mapeo geográfico) para recopilar, ver, organizar, analizar e informar de manera individual y colaborativa los resultados de problemas relacionados con el contenido.
 6-8;Pensamiento computacional;Programación y desarrollo;6-8.CT.d.1;Comparar de forma individual y colaborativa algoritmos para resolver un problema, basándose en un criterio determinado (por ejemplo, tiempo, recursos, accesibilidad).
 6-8;Pensamiento computacional;Programación y desarrollo;6-8.CT.d.2;Utilice funciones para ocultar los detalles en un programa.
 6-8;Pensamiento computacional;Programación y desarrollo;6-8.CT.d.3;Crear un programa, de forma individual y colaborativa, que implemente un algoritmo para lograr un objetivo determinado.
 6-8;Pensamiento computacional;Programación y desarrollo;6-8.CT.d.4;Implementar soluciones de problemas utilizando un lenguaje de programación, incluyendo todo lo siguiente: comportamiento de bucle, declaraciones condicionales, expresiones, variables y funciones.
 6-8;Pensamiento computacional;Programación y desarrollo;6-8.CT.d.5;Rastrear programas paso a paso para predecir su comportamiento.
 6-8;Pensamiento computacional;Programación y desarrollo;6-8.CT.d.6;Utilice un enfoque iterativo en el desarrollo y la depuración para comprender claramente las dimensiones de un problema.
 6-8;Pensamiento computacional;Modelado y simulación;6-8.CT.e.1;Cree un modelo de un sistema del mundo real y explique por qué se requirieron algunos detalles, características y comportamientos en el modelo y por qué se podrían ignorar algunos.
 6-8;Pensamiento computacional;Modelado y simulación;6-8.CT.e.2;Utilice y modifique simulaciones para analizar e ilustrar un concepto en profundidad (por ejemplo, interacción de rayos de luz/ondas mecánicas con materiales, variación genética).
 6-8;Pensamiento computacional;Modelado y simulación;6-8.CT.e.3;Seleccionar y utilizar simulaciones por computadora, de forma individual y colaborativa, para recopilar, ver, analizar e informar resultados de problemas relacionados con el contenido (por ejemplo, migración, comercio, función celular).
 9-12;Computación y sociedad;Seguridad y protección;9-12.CAS.a.1;Evaluar y diseńar un ambiente de trabajo ergonómico.
 9-12;Computación y sociedad;Seguridad y protección;9-12.CAS.a.2;Explicar prácticas seguras al colaborar en línea, incluido cómo anticipar situaciones potencialmente peligrosas.
 9-12;Computación y sociedad;Seguridad y protección;9-12.CAS.a.3;Construir estrategias para combatir el acoso/ciberbullying.
 9-12;Computación y sociedad;Seguridad y protección;9-12.CAS.a.4;Identificar las consecuencias del acoso/bullying cibernético para la salud mental.
 9-12;Computación y sociedad;Seguridad y protección;9-12.CAS.a.5;Explique cómo la presión de grupo en entornos de informática social influye en las elecciones.
 9-12;Computación y sociedad;Seguridad y protección;9-12.CAS.a.6;Aplicar estrategias para gestionar la presión negativa de los compańeros y fomentar la presión positiva de los compańeros.
 9-12;Computación y sociedad;Ética y leyes;9-12.CAS.b.1;żModelo de dominio de la Política de Uso Aceptable de la escuela [AUP]?
 9-12;Computación y sociedad;Ética y leyes;9-12.CAS.b.2;Identificar las leyes relacionadas con la informática y analizar su impacto en la privacidad digital, la seguridad, la propiedad intelectual, el acceso a la red, los contratos y las consecuencias del sexting y el acoso.
 9-12;Computación y sociedad;Ética y leyes;9-12.CAS.b.3;Analice las implicaciones legales y éticas asociadas con la piratería informática y el hacking de software.
 9-12;Computación y sociedad;Ética y leyes;9-12.CAS.b.4;Interpretar acuerdos de licencia de software y permisos de aplicaciones.
 9-12;Computación y sociedad;Impacto interpersonal y social;9-12.CAS.c.1;Explicar el impacto de la brecha digital en el acceso a información crítica.
 9-12;Computación y sociedad;Impacto interpersonal y social;9-12.CAS.c.2;Analice el impacto de la tecnología informática en los negocios y el comercio (por ejemplo, seguimiento automatizado de bienes, transacciones financieras automatizadas, comercio electrónico, computación en la nube).
 9-12;Computación y sociedad;Impacto interpersonal y social;9-12.CAS.c.3;Describe el papel que puede desempeńar la tecnología de asistencia en la vida de las personas.
 9-12;Computación y sociedad;Impacto interpersonal y social;9-12.CAS.c.4;Cree un artefacto digital diseńado para ser accesible (por ejemplo, subtítulos para audio, texto alternativo para imágenes).
 9-12;Computación y sociedad;Impacto interpersonal y social;9-12.CAS.c.5;Analizar los efectos beneficiosos y perjudiciales de las innovaciones informáticas (por ejemplo, redes sociales, distribución de noticias y otros medios públicos, comunicación intercultural).
 9-12;Computación y sociedad;Impacto interpersonal y social;9-12.CAS.c.6;Cultivar una presencia web positiva (por ejemplo, currículum digital, portafolio, redes sociales).
 9-12;Computación y sociedad;Impacto interpersonal y social;9-12.CAS.c.7;Identificar formas de utilizar la tecnología para apoyar el aprendizaje permanente.
 9-12;Computación y sociedad;Impacto interpersonal y social;9-12.CAS.c.8;Analizar el impacto de los valores y puntos de vista que se presentan en los mensajes de los medios (por ejemplo, raciales, de género, políticos).
 9-12;Computación y sociedad;Impacto interpersonal y social;9-12.CAS.c.9;Analice las implicaciones sociales y económicas asociadas con la piratería informática, la piratería de software y el terrorismo cibernético.
 9-12;Herramientas digitales y colaboración;Herramientas digitales;9-12.DTC.a.1;Utilizar herramientas digitales para diseńar y desarrollar un artefacto digital significativo (por ejemplo, un sitio web de varias páginas, un portafolio en línea, una simulación).
 9-12;Herramientas digitales y colaboración;Herramientas digitales;9-12.DTC.a.2;Seleccione herramientas o recursos digitales en función de su eficiencia y eficacia para utilizarlos en un proyecto o tarea y justifique la selección.
 9-12;Herramientas digitales y colaboración;Colaboración y comunicación;9-12.DTC.b.1;Comunicar y publicar ideas y detalles clave a una variedad de audiencias utilizando herramientas digitales y recursos multimedia.
 9-12;Herramientas digitales y colaboración;Colaboración y comunicación;9-12.DTC.b.2;Colaborar en un proyecto importante con expertos externos u otras personas a través de herramientas digitales en línea (por ejemplo, proyecto de feria de ciencias, proyecto de servicio comunitario, proyecto final).
 9-12;Herramientas digitales y colaboración;Investigación;9-12.DTC.c.1;Generar, evaluar y priorizar preguntas que puedan investigarse a través de recursos o herramientas digitales.
 9-12;Herramientas digitales y colaboración;Investigación;9-12.DTC.c.2;Realizar búsquedas avanzadas para localizar información y/o diseńar un enfoque de recolección de datos para reunir datos originales (por ejemplo, entrevistas cualitativas, encuestas, prototipos, simulaciones).
 9-12;Herramientas digitales y colaboración;Investigación;9-12.DTC.c.3;Evaluar las fuentes digitales necesarias para resolver un problema determinado (por ejemplo, confiabilidad, punto de vista, relevancia).
 9-12;Herramientas digitales y colaboración;Investigación;9-12.DTC.c.4;Recopilar, organizar, analizar y sintetizar información utilizando una variedad de herramientas digitales.
 9-12;Herramientas digitales y colaboración;Investigación;9-12.DTC.c.5;Crear un artefacto que responda una pregunta de investigación, comunique resultados y conclusiones y cite fuentes.
 9-12;Sistemas informáticos;Dispositivos informáticos;9-12.CS.a.1;Seleccione dispositivos informáticos (por ejemplo, sonda, sensor, tableta) para realizar una tarea del mundo real (por ejemplo, recopilar datos en un experimento de campo) y justifique la selección.
 9-12;Sistemas informáticos;Dispositivos informáticos;9-12.CS.a.2;Examinar cómo los componentes de los dispositivos informáticos son controlados y reaccionan a los comandos programados.
 9-12;Sistemas informáticos;Dispositivos informáticos;9-12.CS.a.3;Aplicar estrategias para identificar y resolver problemas rutinarios de hardware y software que ocurren en la vida cotidiana (por ejemplo, actualizar parches de software, escanear en busca de virus, vaciar la papelera, ejecutar software de utilidad, cerrar todos los programas, reiniciar, usar fuentes de ayuda).
 9-12;Sistemas informáticos;Dispositivos informáticos;9-12.CS.a.4;Explicar y demostrar cómo se pueden utilizar dispositivos informáticos especializados para la resolución de problemas, la toma de decisiones y la creatividad en todas las áreas temáticas.
 9-12;Sistemas informáticos;Dispositivos informáticos;9-12.CS.a.5;Describe cómo los dispositivos informáticos administran y asignan recursos compartidos (por ejemplo, memoria, unidad central de procesamiento [CPU]).
 9-12;Sistemas informáticos;Dispositivos informáticos;9-12.CS.a.6;Examine la tasa histórica de cambio en los dispositivos informáticos (por ejemplo, potencia/energía, capacidad de cálculo, velocidad, tamańo, facilidad de uso) y analice las implicaciones para el futuro.
 9-12;Sistemas informáticos;Asociaciones entre humanos y computadoras;9-12.CS.b.1;Identifique un problema que no pueda ser resuelto por humanos o máquinas solos y diseńe una solución para él descomponiendo la tarea en subproblemas adecuados para que un humano o una máquina los resuelva (por ejemplo, un equipo humano-computadora jugando ajedrez, pronosticando el clima, pilotando aviones).
 9-12;Sistemas informáticos;Redes;9-12.CS.c.1;Explique cómo las topologías y los protocolos de red permiten que los usuarios, dispositivos y sistemas se comuniquen entre sí.
 9-12;Sistemas informáticos;Redes;9-12.CS.c.2;Examine las vulnerabilidades comunes de la red (por ejemplo, ciberataques, robo de identidad, privacidad) y sus respuestas asociadas.
 9-12;Sistemas informáticos;Redes;9-12.CS.c.3;Examine los problemas (por ejemplo, latencia, ancho de banda, firewalls, capacidad del servidor) que afectan la funcionalidad de la red.
 9-12;Sistemas informáticos;Servicios;9-12.CS.d.1;Compare el valor de utilizar un servicio existente versus crear una funcionalidad equivalente (por ejemplo, utilizar un motor de búsqueda de referencias versus crear una base de datos de referencias para un proyecto).
 9-12;Sistemas informáticos;Servicios;9-12.CS.d.2;Explicar el concepto de calidad de servicio (por ejemplo, seguridad, disponibilidad, rendimiento) para los proveedores de servicios (por ejemplo, tiendas en línea que deben proporcionar transacciones seguras para el comprador y el vendedor).
 9-12;Pensamiento computacional;Abstracción;9-12.CT.a.1;Discuta y dé un ejemplo del valor de generalizar y descomponer aspectos de un problema para resolverlo de manera más efectiva.
 9-12;Pensamiento computacional;Algoritmos;9-12.CT.b.1;Reconocer que el diseńo de un algoritmo es distinto de su expresión en un lenguaje de programación.
 9-12;Pensamiento computacional;Algoritmos;9-12.CT.b.2;Representar algoritmos utilizando lenguaje estructurado, como pseudocódigo.
 9-12;Pensamiento computacional;Algoritmos;9-12.CT.b.3;Explique cómo una solución recursiva a un problema aplica repetidamente la misma solución a instancias más pequeńas del problema.
 9-12;Pensamiento computacional;Algoritmos;9-12.CT.b.4;Describe que hay formas de caracterizar qué tan bien funcionan los algoritmos y que dos algoritmos pueden funcionar de manera diferente para la misma tarea.
 9-12;Pensamiento computacional;Algoritmos;9-12.CT.b.5;Explique que hay algunos problemas que no se pueden resolver computacionalmente.
 9-12;Pensamiento computacional;Datos;9-12.CT.c.1;Describe cómo los tipos de datos, las estructuras y la compresión en los programas afectan el almacenamiento y la calidad de los datos (por ejemplo, los tamańos de los archivos de imágenes digitales se ven afectados por la resolución y la profundidad del color).
 9-12;Pensamiento computacional;Datos;9-12.CT.c.2;Cree una estructura de datos multidimensional adecuada que se pueda filtrar, ordenar y buscar (por ejemplo, matriz, lista, registro).
 9-12;Pensamiento computacional;Datos;9-12.CT.c.3;Crear, evaluar y revisar la visualización de datos para la comunicación y el conocimiento.
 9-12;Pensamiento computacional;Datos;9-12.CT.c.4;Analizar un conjunto de datos complejos para responder una pregunta o probar una hipótesis (por ejemplo, analizar un conjunto grande de datos meteorológicos o financieros para predecir patrones futuros).
 9-12;Pensamiento computacional;Datos;9-12.CT.c.5;Identificar diferentes problemas (por ejemplo, problemas grandes o de múltiples partes, problemas que necesitan experiencia específica, problemas que afectan a muchos integrantes) que pueden beneficiarse de la colaboración al procesar y analizar datos para desarrollar nuevas perspectivas y conocimientos.
 9-12;Pensamiento computacional;Programación y desarrollo;9-12.CT.d.1;Utilice un proceso de desarrollo para crear un artefacto computacional que conduzca a un producto mínimo viable e incluya reflexión, análisis e iteración (por ejemplo, un programa de análisis de conjuntos de datos para una feria de ciencias e ingeniería, un proyecto final que incluya un programa, un proyecto de investigación final basado en datos del programa).
 9-12;Pensamiento computacional;Programación y desarrollo;9-12.CT.d.2;Descomponer un problema definiendo funciones que acepten parámetros y produzcan valores de retorno.
 9-12;Pensamiento computacional;Programación y desarrollo;9-12.CT.d.3;Seleccione la estructura de datos adecuada para representar la información de un problema determinado (por ejemplo, registros, matrices, listas).
 9-12;Pensamiento computacional;Programación y desarrollo;9-12.CT.d.4;Analizar las compensaciones entre múltiples enfoques para resolver un problema determinado (por ejemplo, rendimiento espacio/tiempo, mantenibilidad, corrección, elegancia).
 9-12;Pensamiento computacional;Programación y desarrollo;9-12.CT.d.5;Utilice estructuras de bucle adecuadas en los programas (por ejemplo, FOR, WHILE, RECURSION).
 9-12;Pensamiento computacional;Programación y desarrollo;9-12.CT.d.6;Utilice estructuras condicionales apropiadas en los programas (por ejemplo, IF-THEN, IF-THEN-ELSE, SWITCH).
 9-12;Pensamiento computacional;Programación y desarrollo;9-12.CT.d.7;Utilice un lenguaje de programación o una característica de una herramienta correctamente para imponer la precedencia del operador.
 9-12;Pensamiento computacional;Programación y desarrollo;9-12.CT.d.8;Utilice el alcance global y local de forma adecuada en el diseńo del programa (por ejemplo, para variables).
 9-12;Pensamiento computacional;Programación y desarrollo;9-12.CT.d.9;Seleccionar y emplear un componente o biblioteca adecuada para facilitar las soluciones de programación (por ejemplo, tortuga, Sistema de Posicionamiento Global [GPS], biblioteca de estadísticas).
 9-12;Pensamiento computacional;Programación y desarrollo;9-12.CT.d.10;Utilice un proceso de diseńo iterativo, que incluya el aprendizaje a partir de los errores, para obtener una mejor comprensión del dominio del problema.
 9-12;Pensamiento computacional;Programación y desarrollo;9-12.CT.d.11;Participar en métodos sistemáticos de prueba y depuración para garantizar la corrección del programa.
 9-12;Pensamiento computacional;Programación y desarrollo;9-12.CT.d.12;Demostrar cómo documentar un programa para que otros puedan comprender su diseńo e implementación.
 9-12;Pensamiento computacional;Modelado y simulación;9-12.CT.e.1;Crear modelos y simulaciones para ayudar a formular, probar y refinar hipótesis.
 9-12;Pensamiento computacional;Modelado y simulación;9-12.CT.e.2;Formar un modelo a partir de una hipótesis generada a partir de una investigación y ejecutar una simulación para recopilar y analizar datos para probar esa hipótesis.
